FIPS,State,County,VetPct
0,US,United States,6.854719591
1000,AL,Alabama,8.416338597
1001,AL,Autauga,11.39941624
1003,AL,Baldwin,11.19863959
1005,AL,Barbour,7.226806702
1007,AL,Bibb,6.421348315
1009,AL,Blount,7.128778651
1011,AL,Bullock,4.057899295
1013,AL,Butler,6.784581111
1015,AL,Calhoun,9.816641292
1017,AL,Chambers,8.034677887
1019,AL,Cherokee,7.338036566
1021,AL,Chilton,5.904080675
1023,AL,Choctaw,6.731334509
1025,AL,Clarke,6.659322501
1027,AL,Clay,5.265518479
1029,AL,Cleburne,7.006808584
1031,AL,Coffee,15.1475393
1033,AL,Colbert,7.748937122
1035,AL,Conecuh,5.929023266
1037,AL,Coosa,8.681672026
1039,AL,Covington,9.36212579
1041,AL,Crenshaw,5.638214565
1043,AL,Cullman,7.509934168
1045,AL,Dale,15.4072315
1047,AL,Dallas,6.444773507
1049,AL,DeKalb,6.616274557
1051,AL,Elmore,10.07739223
1053,AL,Escambia,7.289876924
1055,AL,Etowah,7.451246606
1057,AL,Fayette,6.472919419
1059,AL,Franklin,5.222259358
1061,AL,Geneva,11.02121887
1063,AL,Greene,9.212675596
1065,AL,Hale,7.605907845
1067,AL,Henry,9.350553506
1069,AL,Houston,9.632639034
1071,AL,Jackson,7.222959122
1073,AL,Jefferson,6.879003552
1075,AL,Lamar,5.649303008
1077,AL,Lauderdale,7.399523389
1079,AL,Lawrence,6.894414749
1081,AL,Lee,7.839793588
1083,AL,Limestone,8.84965904
1085,AL,Lowndes,5.278959219
1087,AL,Macon,8.468974119
1089,AL,Madison,11.42311951
1091,AL,Marengo,10.32275273
1093,AL,Marion,6.461352657
1095,AL,Marshall,7.964797087
1097,AL,Mobile,8.728121132
1099,AL,Monroe,6.639162171
1101,AL,Montgomery,9.31331891
1103,AL,Morgan,7.885852602
1105,AL,Perry,3.212616822
1107,AL,Pickens,7.17367506
1109,AL,Pike,7.085966421
1111,AL,Randolph,6.749319275
1113,AL,Russell,14.69310409
1115,AL,St. Clair,8.313862649
1117,AL,Shelby,7.086217822
1119,AL,Sumter,4.069246841
1121,AL,Talladega,7.684437348
1123,AL,Tallapoosa,8.176081363
1125,AL,Tuscaloosa,6.583365474
1127,AL,Walker,7.301147606
1129,AL,Washington,6.680178354
1131,AL,Wilcox,7.014742015
1133,AL,Winston,6.968085106
2000,AK,Alaska,11.76876618
2013,AK,Aleutians East,5.165925419
2016,AK,Aleutians West,5.74078163
2020,AK,Anchorage,12.2083296
2050,AK,Bethel,6.458909274
2060,AK,Bristol Bay,11.37370753
2063,AK, Chugach,8.597456823
2066,AK,Copper River,12.5188537
2068,AK,Denali,9.190031153
2070,AK,Dillingham,4.289544236
2090,AK,Fairbanks North Star,15.25235051
2100,AK,Haines,10.25641026
2105,AK,Hoonah-Angoon,12.20588235
2110,AK,Juneau ,7.578888801
2122,AK,Kenai Peninsula,10.43664176
2130,AK,Ketchikan Gateway,9.617721282
2150,AK,Kodiak Island,13.5719776
2158,AK,Kusilvak,4.425497361
2164,AK,Lake and Peninsula,5.922865014
2170,AK,Matanuska-Susitna,14.17346278
2180,AK,Nome,5.793335371
2185,AK,North Slope,5.773877655
2188,AK,Northwest Arctic,5.615507594
2195,AK,Petersburg,10.81669691
2198,AK,Prince of Wales-Hyder,8.509709797
2220,AK,Sitka ,9.269356598
2230,AK,Skagway,5.193661972
2240,AK,Southeast Fairbanks,15.500516
2275,AK,Wrangell ,13.11377246
2282,AK,Yakutat ,13.69863014
2290,AK,Yukon-Koyukuk,10.7491021
4000,AZ,Arizona,8.671118925
4001,AZ,Apache,5.940288051
4003,AZ,Cochise,19.09767757
4005,AZ,Coconino,6.216354448
4007,AZ,Gila,12.31279242
4009,AZ,Graham,5.832767797
4011,AZ,Greenlee,7.546897547
4012,AZ,La Paz,15.95192376
4013,AZ,Maricopa,7.376319215
4015,AZ,Mohave,14.08503764
4017,AZ,Navajo,8.444762611
4019,AZ,Pima,10.08187135
4021,AZ,Pinal,10.55927366
4023,AZ,Santa Cruz,4.458912037
4025,AZ,Yavapai,13.32560953
4027,AZ,Yuma,9.393055744
5000,AR,Arkansas,8.113006434
5001,AR,Arkansas,5.629338968
5003,AR,Ashley,5.596514745
5005,AR,Baxter,13.31670823
5007,AR,Benton,7.075868849
5009,AR,Boone,8.511007107
5011,AR,Bradley,7.753977202
5013,AR,Calhoun,5.796358041
5015,AR,Carroll,10.87194455
5017,AR,Chicot,5.339925834
5019,AR,Clark,5.765476054
5021,AR,Clay,8.518615398
5023,AR,Cleburne,12.31551655
5025,AR,Cleveland,5.743522033
5027,AR,Columbia,5.914512923
5029,AR,Conway,9.478168264
5031,AR,Craighead,6.205956452
5033,AR,Crawford,9.370598592
5035,AR,Crittenden,6.16802754
5037,AR,Cross,8.508663366
5039,AR,Dallas,6.89059501
5041,AR,Desha,6.300409118
5043,AR,Drew,7.923617208
5045,AR,Faulkner,6.222594995
5047,AR,Franklin,12.28163451
5049,AR,Fulton,11.61249606
5051,AR,Garland,10.95034569
5053,AR,Grant,7.906909511
5055,AR,Greene,9.158997881
5057,AR,Hempstead,5.919968357
5059,AR,Hot Spring,7.981311298
5061,AR,Howard,7.537423572
5063,AR,Independence,7.604047147
5065,AR,Izard,11.58197163
5067,AR,Jackson,5.518518519
5069,AR,Jefferson,7.079612746
5071,AR,Johnson,8.148072085
5073,AR,Lafayette,8.334956183
5075,AR,Lawrence,7.99240326
5077,AR,Lee,3.260415215
5079,AR,Lincoln,5.46137634
5081,AR,Little River,6.586379623
5083,AR,Logan,8.416881791
5085,AR,Lonoke,11.85534357
5087,AR,Madison,6.54663192
5089,AR,Marion,13.01294711
5091,AR,Miller,7.882241216
5093,AR,Mississippi,6.181037331
5095,AR,Monroe,7.726432532
5097,AR,Montgomery,9.041253414
5099,AR,Nevada,10.08690255
5101,AR,Newton,11.27793892
5103,AR,Ouachita,9.572059323
5105,AR,Perry,11.68864753
5107,AR,Phillips,6.44614764
5109,AR,Pike,8.484318381
5111,AR,Poinsett,4.982105323
5113,AR,Polk,10.76820307
5115,AR,Pope,8.712440182
5117,AR,Prairie,8.902439024
5119,AR,Pulaski,8.611087225
5121,AR,Randolph,7.709896392
5123,AR,St. Francis,5.504339857
5125,AR,Saline,9.638154728
5127,AR,Scott,6.049822064
5129,AR,Searcy,9.035952911
5131,AR,Sebastian,8.447707862
5133,AR,Sevier,6.270194743
5135,AR,Sharp,12.16246045
5137,AR,Stone,10.94034378
5139,AR,Union,6.778863919
5141,AR,Van Buren,9.284876905
5143,AR,Washington,6.623970025
5145,AR,White,7.980328981
5147,AR,Woodruff,6.314303006
5149,AR,Yell,6.238732938
6000,CA,California,4.83938731
6001,CA,Alameda,3.537543989
6003,CA,Alpine,9.099526066
6005,CA,Amador,11.18211804
6007,CA,Butte,7.351228568
6009,CA,Calaveras,9.680681213
6011,CA,Colusa,4.758899268
6013,CA,Contra Costa,4.751239124
6015,CA,Del Norte,8.086775906
6017,CA,El Dorado,8.352982129
6019,CA,Fresno,5.00033533
6021,CA,Glenn,6.468447764
6023,CA,Humboldt,6.95970365
6025,CA,Imperial,4.387338166
6027,CA,Inyo,8.961372231
6029,CA,Kern,5.346020464
6031,CA,Kings,8.095436549
6033,CA,Lake,8.941928209
6035,CA,Lassen,6.664483975
6037,CA,Los Angeles,3.09328826
6039,CA,Madera,5.705309735
6041,CA,Marin,4.212307546
6043,CA,Mariposa,9.791332263
6045,CA,Mendocino,6.872426839
6047,CA,Merced,4.355332379
6049,CA,Modoc,12.52323088
6051,CA,Mono,7.259372317
6053,CA,Monterey,4.958135211
6055,CA,Napa,5.692634022
6057,CA,Nevada,9.458962963
6059,CA,Orange,4.019366478
6061,CA,Placer,8.096717878
6063,CA,Plumas,11.14743985
6065,CA,Riverside,6.357148461
6067,CA,Sacramento,6.183969244
6069,CA,San Benito,5.040116081
6071,CA,San Bernardino,5.471917021
6073,CA,San Diego,8.024585904
6075,CA,San Francisco,2.794824558
6077,CA,San Joaquin,4.948250563
6079,CA,San Luis Obispo,7.394039706
6081,CA,San Mateo,3.463974664
6083,CA,Santa Barbara,5.525023624
6085,CA,Santa Clara,3.08809396
6087,CA,Santa Cruz,4.329295444
6089,CA,Shasta,9.508878984
6091,CA,Sierra,9.139784946
6093,CA,Siskiyou,11.01374228
6095,CA,Solano,8.77900237
6097,CA,Sonoma,5.862083807
6099,CA,Stanislaus,4.847377929
6101,CA,Sutter,7.237767057
6103,CA,Tehama,8.321226796
6105,CA,Trinity,9.106035396
6107,CA,Tulare,4.389121223
6109,CA,Tuolumne,11.43000458
6111,CA,Ventura,5.675159452
6113,CA,Yolo,3.972591518
6115,CA,Yuba,9.739702517
8000,CO,Colorado,8.261053262
8001,CO,Adams,6.799550548
8003,CO,Alamosa,4.911798026
8005,CO,Arapahoe,7.456062668
8007,CO,Archuleta,9.559702179
8009,CO,Baca,7.611070648
8011,CO,Bent,8.87406509
8013,CO,Boulder,4.951398353
8014,CO,Broomfield,7.215562491
8015,CO,Chaffee,9.800242131
8017,CO,Cheyenne,7.456503728
8019,CO,Clear Creek,5.952671383
8021,CO,Conejos,7.626514612
8023,CO,Costilla,11.29848229
8025,CO,Crowley,7.651559741
8027,CO,Custer,13.21464393
8029,CO,Delta,11.44727389
8031,CO,Denver,4.90477744
8033,CO,Dolores,11.40873016
8035,CO,Douglas,7.806552214
8037,CO,Eagle,5.605529996
8039,CO,Elbert,11.53638018
8041,CO,El Paso,16.56467259
8043,CO,Fremont,11.55461159
8045,CO,Garfield,6.123072892
8047,CO,Gilpin,11.8989899
8049,CO,Grand,9.422822963
8051,CO,Gunnison,6.133921583
8053,CO,Hinsdale,11.15485564
8055,CO,Huerfano,13.84992987
8057,CO,Jackson,16.14273577
8059,CO,Jefferson,7.515650904
8061,CO,Kiowa,5.893719807
8063,CO,Kit Carson,9.700781399
8065,CO,Lake,6.576756577
8067,CO,La Plata,6.810107029
8069,CO,Larimer,6.944098551
8071,CO,Las Animas,9.480070785
8073,CO,Lincoln,7.924107143
8075,CO,Logan,10.72768192
8077,CO,Mesa,9.794913594
8079,CO,Mineral,8.944281525
8081,CO,Moffat,7.882928819
8083,CO,Montezuma,9.161697304
8085,CO,Montrose,9.216216216
8087,CO,Morgan,6.926325669
8089,CO,Otero,9.401109317
8091,CO,Ouray,13.47603989
8093,CO,Park,10.59544063
8095,CO,Phillips,7.837670384
8097,CO,Pitkin,7.307162534
8099,CO,Prowers,8.998988878
8101,CO,Pueblo,9.737587226
8103,CO,Rio Blanco,11.33387889
8105,CO,Rio Grande,6.528089888
8107,CO,Routt,5.490694153
8109,CO,Saguache,7.59121224
8111,CO,San Juan,9.915966387
8113,CO,San Miguel,6.085403958
8115,CO,Sedgwick,12.5
8117,CO,Summit,5.990765679
8119,CO,Teller,16.81940701
8121,CO,Washington,8.100186518
8123,CO,Weld,7.157136977
8125,CO,Yuma,6.928086463
9000,CT,Connecticut,5.381247067
9001,CT,Fairfield,3.743972758
9003,CT,Hartford,4.944515612
9005,CT,Litchfield,6.720774504
9007,CT,Middlesex,6.542573614
9009,CT,New Haven,5.215489276
9011,CT,New London,9.767159557
9013,CT,Tolland,6.722085469
9015,CT,Windham,7.451703906
10000,DE,Delaware,8.36298031
10001,DE,Kent,12.45676782
10003,DE,New Castle,6.649337544
10005,DE,Sussex,9.443399498
11000,DC,District of Columbia,4.121158826
11001,DC,District of Columbia,4.121158826
12000,FL,Florida,8.168941771
12001,FL,Alachua,6.932976797
12003,FL,Baker,8.459910651
12005,FL,Bay,14.70199149
12007,FL,Bradford,8.839680343
12009,FL,Brevard,13.83348267
12011,FL,Broward,4.455474491
12013,FL,Calhoun,8.457307727
12015,FL,Charlotte,12.56230999
12017,FL,Citrus,13.92991646
12019,FL,Clay,16.7532293
12021,FL,Collier,7.367425531
12023,FL,Columbia,11.6390076
12027,FL,DeSoto,7.503995351
12029,FL,Dixie,12.43116235
12031,FL,Duval,11.31699571
12033,FL,Escambia,13.68520951
12035,FL,Flagler,11.37229181
12037,FL,Franklin,10.43301366
12039,FL,Gadsden,7.094086333
12041,FL,Gilchrist,9.398443029
12043,FL,Glades,13.20990023
12045,FL,Gulf,12.73736032
12047,FL,Hamilton,6.311111111
12049,FL,Hardee,5.188204775
12051,FL,Hendry,4.090688484
12053,FL,Hernando,12.02079896
12055,FL,Highlands,11.27602458
12057,FL,Hillsborough,8.092980548
12059,FL,Holmes,11.17421825
12061,FL,Indian River,11.20526097
12063,FL,Jackson,9.20399928
12065,FL,Jefferson,10.17561549
12067,FL,Lafayette,7.295240937
12069,FL,Lake,10.94945793
12071,FL,Lee,8.603201266
12073,FL,Leon,6.146051934
12075,FL,Levy,12.19196992
12077,FL,Liberty,6.112997839
12079,FL,Madison,7.502044154
12081,FL,Manatee,9.656949859
12083,FL,Marion,12.0637299
12085,FL,Martin,9.631153741
12086,FL,Miami-Dade,2.182551567
12087,FL,Monroe,9.234425893
12089,FL,Nassau,12.00215667
12091,FL,Okaloosa,21.79616415
12093,FL,Okeechobee,9.796180388
12095,FL,Orange,5.625691814
12097,FL,Osceola,6.43604716
12099,FL,Palm Beach,6.04740281
12101,FL,Pasco,10.93914172
12103,FL,Pinellas,9.482084943
12105,FL,Polk,8.175237325
12107,FL,Putnam,11.56180246
12109,FL,St. Johns,10.04632226
12111,FL,St. Lucie,9.782922742
12113,FL,Santa Rosa,17.73657261
12115,FL,Sarasota,10.65317042
12117,FL,Seminole,7.235675432
12119,FL,Sumter,15.79718243
12121,FL,Suwannee,10.95027398
12123,FL,Taylor,8.830249029
12125,FL,Union,11.12229882
12127,FL,Volusia,10.9668846
12129,FL,Wakulla,10.6700225
12131,FL,Walton,12.15712659
12133,FL,Washington,8.409679347
13000,GA,Georgia,7.636200325
13001,GA,Appling,5.089626377
13003,GA,Atkinson,6.135877611
13005,GA,Bacon,6.572429624
13007,GA,Baker,6.35451505
13009,GA,Baldwin,5.644844057
13011,GA,Banks,6.106213718
13013,GA,Barrow,6.185109009
13015,GA,Bartow,7.336195404
13017,GA,Ben Hill,7.993499961
13019,GA,Berrien,6.846305924
13021,GA,Bibb,7.771428571
13023,GA,Bleckley,8.135057755
13025,GA,Brantley,8.082281713
13027,GA,Brooks,8.109818815
13029,GA,Bryan,13.77785515
13031,GA,Bulloch,5.513185414
13033,GA,Burke,8.956299911
13035,GA,Butts,7.091128546
13037,GA,Calhoun,5.996172656
13039,GA,Camden,15.38131503
13043,GA,Candler,7.368161656
13045,GA,Carroll,6.328453624
13047,GA,Catoosa,8.295151736
13049,GA,Charlton,8.842126062
13051,GA,Chatham,9.253263069
13053,GA,Chattahoochee,21.91568506
13055,GA,Chattooga,6.391367504
13057,GA,Cherokee,7.477736442
13059,GA,Clarke,4.661689662
13061,GA,Clay,7.081545064
13063,GA,Clayton,7.591398458
13065,GA,Clinch,4.366899302
13067,GA,Cobb,6.818287146
13069,GA,Coffee,6.214497407
13071,GA,Colquitt,6.588207464
13073,GA,Columbia,15.0404245
13075,GA,Cook,6.28965736
13077,GA,Coweta,8.52137632
13079,GA,Crawford,11.13438777
13081,GA,Crisp,6.33712751
13083,GA,Dade,6.119014839
13085,GA,Dawson,7.011582272
13087,GA,Decatur,5.825019539
13089,GA,DeKalb,5.955190702
13091,GA,Dodge,6.733089919
13093,GA,Dooly,6.193211488
13095,GA,Dougherty,9.09366981
13097,GA,Douglas,8.461762961
13099,GA,Early,6.889352818
13101,GA,Echols,6.779065683
13103,GA,Effingham,11.436366
13105,GA,Elbert,7.905320762
13107,GA,Emanuel,6.791211374
13109,GA,Evans,7.619168357
13111,GA,Fannin,10.61346491
13113,GA,Fayette,11.61173905
13115,GA,Floyd,6.603210796
13117,GA,Forsyth,5.397622429
13119,GA,Franklin,6.637997574
13121,GA,Fulton,5.017663562
13123,GA,Gilmer,11.58673062
13125,GA,Glascock,6.943830164
13127,GA,Glynn,9.070521563
13129,GA,Gordon,5.635326062
13131,GA,Grady,8.88129368
13133,GA,Greene,8.249750913
13135,GA,Gwinnett,5.760467443
13137,GA,Habersham,7.455644706
13139,GA,Hall,6.743486443
13141,GA,Hancock,5.841465045
13143,GA,Haralson,6.744556559
13145,GA,Harris,12.80628233
13147,GA,Hart,8.736816287
13149,GA,Heard,9.544887073
13151,GA,Henry,9.690112293
13153,GA,Houston,15.68292111
13155,GA,Irwin,5.895571712
13157,GA,Jackson,7.4950834
13159,GA,Jasper,6.809971098
13161,GA,Jeff Davis,8.748615725
13163,GA,Jefferson,8.497875531
13165,GA,Jenkins,6.476495416
13167,GA,Johnson,7.757817698
13169,GA,Jones,8.901558692
13171,GA,Lamar,8.663739882
13173,GA,Lanier,10.23489933
13175,GA,Laurens,7.425071812
13177,GA,Lee,9.659520807
13179,GA,Liberty,22.2793041
13181,GA,Lincoln,7.152082661
13183,GA,Long,16.26597551
13185,GA,Lowndes,8.661693111
13187,GA,Lumpkin,7.474406487
13189,GA,McDuffie,7.51062538
13191,GA,McIntosh,9.519779987
13193,GA,Macon,5.356611447
13195,GA,Madison,6.340421823
13197,GA,Marion,10.47969246
13199,GA,Meriwether,6.959571719
13201,GA,Miller,4.513888889
13205,GA,Mitchell,8.763767006
13207,GA,Monroe,7.712935188
13209,GA,Montgomery,6.101792944
13211,GA,Morgan,6.563757504
13213,GA,Murray,5.254915028
13215,GA,Muscogee,13.8960924
13217,GA,Newton,8.388257898
13219,GA,Oconee,6.886347011
13221,GA,Oglethorpe,8.004470811
13223,GA,Paulding,8.06279718
13225,GA,Peach,9.874392592
13227,GA,Pickens,9.707148025
13229,GA,Pierce,7.023752808
13231,GA,Pike,9.170214251
13233,GA,Polk,5.960098181
13235,GA,Pulaski,9.247363956
13237,GA,Putnam,10.07492795
13239,GA,Quitman,6.253177428
13241,GA,Rabun,10.10710948
13243,GA,Randolph,4.933865211
13245,GA,Richmond,11.74901805
13247,GA,Rockdale,9.536310458
13249,GA,Schley,7.621182404
13251,GA,Screven,7.624580194
13253,GA,Seminole,8.953791307
13255,GA,Spalding,9.258129881
13257,GA,Stephens,10.1419392
13259,GA,Stewart,7.254985151
13261,GA,Sumter,5.804622765
13263,GA,Talbot,11.76349826
13265,GA,Taliaferro,8.727272727
13267,GA,Tattnall,7.978723404
13269,GA,Taylor,6.817090735
13271,GA,Telfair,4.078446678
13273,GA,Terrell,9.460819554
13275,GA,Thomas,8.067304368
13277,GA,Tift,5.776079777
13279,GA,Toombs,7.059179964
13281,GA,Towns,9.766533346
13283,GA,Treutlen,7.851325955
13285,GA,Troup,6.642948681
13287,GA,Turner,10.00449978
13289,GA,Twiggs,9.406858202
13291,GA,Union,12.28070175
13293,GA,Upson,7.814436922
13295,GA,Walker,7.22443509
13297,GA,Walton,7.28272644
13299,GA,Ware,6.491788824
13301,GA,Warren,4.781453755
13303,GA,Washington,6.802677718
13305,GA,Wayne,8.390162348
13307,GA,Webster,4.324324324
13309,GA,Wheeler,5.238926814
13311,GA,White,9.522959525
13313,GA,Whitfield,4.475167082
13315,GA,Wilcox,4.429849078
13317,GA,Wilkes,6.487196323
13319,GA,Wilkinson,6.315331011
13321,GA,Worth,7.880133185
15000,HI,Hawaii,8.829231099
15001,HI,Hawaii,8.799582064
15003,HI,Honolulu,9.461218288
15005,HI,Kalawao,2.127659575
15007,HI,Kauai,6.99973705
15009,HI,Maui,5.968483411
16000,ID,Idaho,8.814506454
16001,ID,Ada,8.270798423
16003,ID,Adams,15.58190844
16005,ID,Bannock,8.001568628
16007,ID,Bear Lake,6.91234191
16009,ID,Benewah,13.32880435
16011,ID,Bingham,6.820805736
16013,ID,Blaine,7.743873009
16015,ID,Boise,14.75565396
16017,ID,Bonner,11.54124748
16019,ID,Bonneville,7.760640259
16021,ID,Boundary,10.25752946
16023,ID,Butte,10.13615734
16025,ID,Camas,6.711409396
16027,ID,Canyon,9.382669205
16029,ID,Caribou,8.166533227
16031,ID,Cassia,5.30280385
16033,ID,Clark,2.300613497
16035,ID,Clearwater,13.41530055
16037,ID,Custer,16.30985915
16039,ID,Elmore,21.57655934
16041,ID,Franklin,4.106280193
16043,ID,Fremont,6.548035589
16045,ID,Gem,12.44885221
16047,ID,Gooding,9.455357143
16049,ID,Idaho,12.00814111
16051,ID,Jefferson,5.799193589
16053,ID,Jerome,6.716999221
16055,ID,Kootenai,10.43297984
16057,ID,Latah,7.010148322
16059,ID,Lemhi,13.27094201
16061,ID,Lewis,11.62454874
16063,ID,Lincoln,8.15173527
16065,ID,Madison,2.712594187
16067,ID,Minidoka,6.029752066
16069,ID,Nez Perce,9.688400908
16071,ID,Oneida,7.464056286
16073,ID,Owyhee,10.15518028
16075,ID,Payette,11.1631198
16077,ID,Power,6.261544145
16079,ID,Shoshone,11.2647652
16081,ID,Teton,4.196766426
16083,ID,Twin Falls,8.516641089
16085,ID,Valley,10.61511055
16087,ID,Washington,8.776529338
17000,IL,Illinois,5.421170593
17001,IL,Adams,8.275143099
17003,IL,Alexander,9.453088166
17005,IL,Bond,7.802302559
17007,IL,Boone,7.501674481
17009,IL,Brown,4.859383968
17011,IL,Bureau,7.46610655
17013,IL,Calhoun,10.60773481
17015,IL,Carroll,10.15718503
17017,IL,Cass,6.520191232
17019,IL,Champaign,4.439375434
17021,IL,Christian,9.053267681
17023,IL,Clark,7.595888694
17025,IL,Clay,7.434871695
17027,IL,Clinton,9.611606989
17029,IL,Coles,7.452856886
17031,IL,Cook,3.609230923
17033,IL,Crawford,8.342154009
17035,IL,Cumberland,6.646971935
17037,IL,DeKalb,5.895906921
17039,IL,De Witt,8.713760719
17041,IL,Douglas,6.653593887
17043,IL,DuPage,3.974961267
17045,IL,Edgar,7.290213641
17047,IL,Edwards,8.054805896
17049,IL,Effingham,7.714873514
17051,IL,Fayette,7.878895184
17053,IL,Ford,8.739720788
17055,IL,Franklin,9.703184757
17057,IL,Fulton,8.266705787
17059,IL,Gallatin,7.636994793
17061,IL,Greene,9.987437186
17063,IL,Grundy,7.984664537
17065,IL,Hamilton,8.471601787
17067,IL,Hancock,8.098641887
17069,IL,Hardin,9.281906554
17071,IL,Henderson,10.70145585
17073,IL,Henry,8.681244129
17075,IL,Iroquois,7.669962048
17077,IL,Jackson,6.682906651
17079,IL,Jasper,6.342347366
17081,IL,Jefferson,8.529807726
17083,IL,Jersey,9.355667095
17085,IL,Jo Daviess,8.434885158
17087,IL,Johnson,8.746492049
17089,IL,Kane,5.180581601
17091,IL,Kankakee,7.491747194
17093,IL,Kendall,5.088242525
17095,IL,Knox,8.06331007
17097,IL,Lake,5.655160228
17099,IL,LaSalle,8.14251429
17101,IL,Lawrence,7.955271566
17103,IL,Lee,7.187761183
17105,IL,Livingston,8.521490993
17107,IL,Logan,6.32933632
17109,IL,McDonough,6.557877743
17111,IL,McHenry,5.914957504
17113,IL,McLean,6.024750891
17115,IL,Macon,8.291053088
17117,IL,Macoupin,8.963404351
17119,IL,Madison,8.922051426
17121,IL,Marion,8.994214046
17123,IL,Marshall,10.00535045
17125,IL,Mason,8.931816008
17127,IL,Massac,8.793676457
17129,IL,Menard,11.35812875
17131,IL,Mercer,8.079096045
17133,IL,Monroe,8.419409973
17135,IL,Montgomery,8.573191696
17137,IL,Morgan,7.523148148
17139,IL,Moultrie,6.873327798
17141,IL,Ogle,8.988792092
17143,IL,Peoria,6.402575467
17145,IL,Perry,7.69546601
17147,IL,Piatt,6.092274346
17149,IL,Pike,8.619043486
17151,IL,Pope,13.1435881
17153,IL,Pulaski,11.59663866
17155,IL,Putnam,9.596072305
17157,IL,Randolph,8.225073076
17159,IL,Richland,8.57095764
17161,IL,Rock Island,7.701580498
17163,IL,St. Clair,12.69509692
17165,IL,Saline,8.295029396
17167,IL,Sangamon,7.784070054
17169,IL,Schuyler,9.872888734
17171,IL,Scott,9.230369215
17173,IL,Shelby,8.764411179
17175,IL,Stark,7.793119588
17177,IL,Stephenson,8.138238573
17179,IL,Tazewell,7.589312047
17181,IL,Union,7.872857038
17183,IL,Vermilion,8.170586588
17185,IL,Wabash,10.48177818
17187,IL,Warren,8.016973555
17189,IL,Washington,8.954949995
17191,IL,Wayne,6.538400128
17193,IL,White,9.229637801
17195,IL,Whiteside,8.336013231
17197,IL,Will,5.20030015
17199,IL,Williamson,9.623095429
17201,IL,Winnebago,7.319780563
17203,IL,Woodford,6.889811036
18000,IN,Indiana,7.075484693
18001,IN,Adams,5.397983441
18003,IN,Allen,7.172301247
18005,IN,Bartholomew,5.629784834
18007,IN,Benton,6.239434455
18009,IN,Blackford,7.924888606
18011,IN,Boone,6.546253451
18013,IN,Brown,10.858665
18015,IN,Carroll,8.488652213
18017,IN,Cass,7.731675483
18019,IN,Clark,7.77860239
18021,IN,Clay,9.015338941
18023,IN,Clinton,6.296357343
18025,IN,Crawford,9.90497076
18027,IN,Daviess,7.455915083
18029,IN,Dearborn,8.151256204
18031,IN,Decatur,6.095133844
18033,IN,DeKalb,6.128665046
18035,IN,Delaware,6.673713806
18037,IN,Dubois,6.469619327
18039,IN,Elkhart,5.446304653
18041,IN,Fayette,8.221734358
18043,IN,Floyd,7.083984884
18045,IN,Fountain,8.426570691
18047,IN,Franklin,9.891055046
18049,IN,Fulton,9.03478876
18051,IN,Gibson,8.314382605
18053,IN,Grant,8.710325737
18055,IN,Greene,9.378881988
18057,IN,Hamilton,5.459155471
18059,IN,Hancock,8.008744701
18061,IN,Harrison,9.000782677
18063,IN,Hendricks,6.146636198
18065,IN,Henry,9.326089769
18067,IN,Howard,8.976284338
18069,IN,Huntington,8.492049624
18071,IN,Jackson,6.992278997
18073,IN,Jasper,7.560734742
18075,IN,Jay,6.835163407
18077,IN,Jefferson,7.806663109
18079,IN,Jennings,9.540468986
18081,IN,Johnson,7.561368781
18083,IN,Knox,6.938202247
18085,IN,Kosciusko,7.359193657
18087,IN,LaGrange,4.151390586
18089,IN,Lake,6.682207093
18091,IN,LaPorte,8.510976955
18093,IN,Lawrence,10.30132948
18095,IN,Madison,8.973262137
18097,IN,Marion,6.291267949
18099,IN,Marshall,6.534567544
18101,IN,Martin,11.37509955
18103,IN,Miami,10.50186528
18105,IN,Monroe,4.70435689
18107,IN,Montgomery,7.623962
18109,IN,Morgan,9.753261383
18111,IN,Newton,9.835613922
18113,IN,Noble,7.571596705
18115,IN,Ohio,8.034403189
18117,IN,Orange,8.160587772
18119,IN,Owen,9.067558688
18121,IN,Parke,10.15992474
18123,IN,Perry,9.42546995
18125,IN,Pike,7.54599314
18127,IN,Porter,6.760943062
18129,IN,Posey,7.666463042
18131,IN,Pulaski,7.23002769
18133,IN,Putnam,9.197658286
18135,IN,Randolph,9.092831465
18137,IN,Ripley,8.485811578
18139,IN,Rush,7.456651893
18141,IN,St. Joseph,6.26409856
18143,IN,Scott,7.814082405
18145,IN,Shelby,8.121342064
18147,IN,Spencer,9.642191816
18149,IN,Starke,7.434902424
18151,IN,Steuben,8.034896082
18153,IN,Sullivan,8.261815545
18155,IN,Switzerland,10.48105348
18157,IN,Tippecanoe,4.887095681
18159,IN,Tipton,7.822707351
18161,IN,Union,7.270135424
18163,IN,Vanderburgh,7.559210854
18165,IN,Vermillion,7.39787446
18167,IN,Vigo,7.814835022
18169,IN,Wabash,6.977499797
18171,IN,Warren,8.922328621
18173,IN,Warrick,7.82171457
18175,IN,Washington,7.416689873
18177,IN,Wayne,8.742482548
18179,IN,Wells,7.636621718
18181,IN,White,8.765767204
18183,IN,Whitley,8.087954111
19000,IA,Iowa,7.169036846
19001,IA,Adair,7.704293629
19003,IA,Adams,7.647261454
19005,IA,Allamakee,7.679387888
19007,IA,Appanoose,8.163050348
19009,IA,Audubon,7.743110909
19011,IA,Benton,9.206640187
19013,IA,Black Hawk,6.167069934
19015,IA,Boone,7.150378099
19017,IA,Bremer,7.678646051
19019,IA,Buchanan,7.983913502
19021,IA,Buena Vista,4.479173478
19023,IA,Butler,7.885724585
19025,IA,Calhoun,8.42609371
19027,IA,Carroll,6.801901743
19029,IA,Cass,8.700787402
19031,IA,Cedar,9.87705772
19033,IA,Cerro Gordo,7.759784076
19035,IA,Cherokee,9.056477665
19037,IA,Chickasaw,7.847852224
19039,IA,Clarke,8.039078856
19041,IA,Clay,8.938947704
19043,IA,Clayton,7.65625
19045,IA,Clinton,9.373518834
19047,IA,Crawford,5.743215877
19049,IA,Dallas,5.791842274
19051,IA,Davis,4.988235294
19053,IA,Decatur,6.315266037
19055,IA,Delaware,7.610166942
19057,IA,Des Moines,10.15454003
19059,IA,Dickinson,7.897348646
19061,IA,Dubuque,6.802640577
19063,IA,Emmet,6.018951021
19065,IA,Fayette,8.645664177
19067,IA,Floyd,9.93295257
19069,IA,Franklin,7.977133948
19071,IA,Fremont,8.058891902
19073,IA,Greene,9.599063506
19075,IA,Grundy,6.106870229
19077,IA,Guthrie,7.885478588
19079,IA,Hamilton,7.218188105
19081,IA,Hancock,7.095631641
19083,IA,Hardin,8.188294044
19085,IA,Harrison,9.527650802
19087,IA,Henry,8.266367657
19089,IA,Howard,9.09349247
19091,IA,Humboldt,7.629204266
19093,IA,Ida,7.243614182
19095,IA,Iowa,7.711070895
19097,IA,Jackson,8.31630972
19099,IA,Jasper,7.937268867
19101,IA,Jefferson,8.409810127
19103,IA,Johnson,3.988237911
19105,IA,Jones,8.532739751
19107,IA,Keokuk,7.116977226
19109,IA,Kossuth,9.500260281
19111,IA,Lee,8.549890143
19113,IA,Linn,7.890621433
19115,IA,Louisa,6.080038
19117,IA,Lucas,8.09153455
19119,IA,Lyon,6.929998831
19121,IA,Madison,7.139936207
19123,IA,Mahaska,6.172692674
19125,IA,Marion,7.772385723
19127,IA,Marshall,9.271345851
19129,IA,Mills,10.29212264
19131,IA,Mitchell,9.488046063
19133,IA,Monona,9.879091713
19135,IA,Monroe,7.444211994
19137,IA,Montgomery,8.623782676
19139,IA,Muscatine,5.837477222
19141,IA,O'Brien,8.330227357
19143,IA,Osceola,9.897828863
19145,IA,Page,9.181751167
19147,IA,Palo Alto,7.781987759
19149,IA,Plymouth,8.255051168
19151,IA,Pocahontas,7.857793984
19153,IA,Polk,6.19271256
19155,IA,Pottawattamie,8.99342594
19157,IA,Poweshiek,7.834843907
19159,IA,Ringgold,7.103064067
19161,IA,Sac,8.996856993
19163,IA,Scott,8.105658325
19165,IA,Shelby,8.610717014
19167,IA,Sioux,4.873897571
19169,IA,Story,4.683674469
19171,IA,Tama,7.829787234
19173,IA,Taylor,9.242957747
19175,IA,Union,8.396946565
19177,IA,Van Buren,8.959276018
19179,IA,Wapello,6.78416046
19181,IA,Warren,7.1661405
19183,IA,Washington,7.981053878
19185,IA,Wayne,6.991701245
19187,IA,Webster,7.16861883
19189,IA,Winnebago,7.558904437
19191,IA,Winneshiek,6.393643032
19193,IA,Woodbury,6.491862568
19195,IA,Worth,10.13879485
19197,IA,Wright,8.506713129
20000,KS,Kansas,7.618402042
20001,KS,Allen,7.650497385
20003,KS,Anderson,7.258900795
20005,KS,Atchison,6.573593937
20007,KS,Barber,6.190777006
20009,KS,Barton,8.748593063
20011,KS,Bourbon,7.890800299
20013,KS,Brown,9.183673469
20015,KS,Butler,10.01505873
20017,KS,Chase,9.759686121
20019,KS,Chautauqua,8.785332315
20021,KS,Cherokee,6.53699619
20023,KS,Cheyenne,6.094049904
20025,KS,Clark,9.583608724
20027,KS,Clay,16.56765677
20029,KS,Cloud,7.981839485
20031,KS,Coffey,11.26285101
20033,KS,Comanche,5.174825175
20035,KS,Cowley,7.786126949
20037,KS,Crawford,6.159635571
20039,KS,Decatur,7.646791079
20041,KS,Dickinson,12.35455892
20043,KS,Doniphan,6.854971919
20045,KS,Douglas,5.644853252
20047,KS,Edwards,5.638249887
20049,KS,Elk,8.35536753
20051,KS,Ellis,5.272911795
20053,KS,Ellsworth,8.952344202
20055,KS,Finney,3.893573168
20057,KS,Ford,3.677758319
20059,KS,Franklin,10.13492949
20061,KS,Geary,23.53822364
20063,KS,Gove,7.132459971
20065,KS,Graham,8.062015504
20067,KS,Grant,4.051673517
20069,KS,Gray,5.335327848
20071,KS,Greeley,6.487695749
20073,KS,Greenwood,10.77704849
20075,KS,Hamilton,4.049014385
20077,KS,Harper,7.955372302
20079,KS,Harvey,8.297045101
20081,KS,Haskell,1.760176018
20083,KS,Hodgeman,7.113259669
20085,KS,Jackson,12.01409869
20087,KS,Jefferson,8.965225365
20089,KS,Jewell,9.272097054
20091,KS,Johnson,5.780361977
20093,KS,Kearny,3.148213654
20095,KS,Kingman,6.97316698
20097,KS,Kiowa,5.8283864
20099,KS,Labette,7.006411095
20101,KS,Lane,11.20543294
20103,KS,Leavenworth,15.12791617
20105,KS,Lincoln,9.800443459
20107,KS,Linn,8.745145306
20109,KS,Logan,5.18981259
20111,KS,Lyon,6.221991037
20113,KS,McPherson,6.924696078
20115,KS,Marion,7.278176175
20117,KS,Marshall,9.100571277
20119,KS,Meade,5.259653795
20121,KS,Miami,8.119391338
20123,KS,Mitchell,8.157431838
20125,KS,Montgomery,7.248299884
20127,KS,Morris,11.53664303
20129,KS,Morton,5.093046033
20131,KS,Nemaha,6.920884788
20133,KS,Neosho,7.473041879
20135,KS,Ness,7.331786543
20137,KS,Norton,7.533776048
20139,KS,Osage,10.44825586
20141,KS,Osborne,8.366390191
20143,KS,Ottawa,6.276715411
20145,KS,Pawnee,9.299740645
20147,KS,Phillips,7.802507035
20149,KS,Pottawatomie,10.27064141
20151,KS,Pratt,5.280671296
20153,KS,Rawlins,7.614725164
20155,KS,Reno,7.120266334
20157,KS,Republic,9.100907341
20159,KS,Rice,8.85466795
20161,KS,Riley,8.553324376
20163,KS,Rooks,8.222742649
20165,KS,Rush,8.26261724
20167,KS,Russell,10.34153787
20169,KS,Saline,9.712429311
20171,KS,Scott,8.650986753
20173,KS,Sedgwick,7.637713244
20175,KS,Seward,3.064706654
20177,KS,Shawnee,8.842978239
20179,KS,Sheridan,9.378407852
20181,KS,Sherman,6.078691424
20183,KS,Smith,10.48951049
20185,KS,Stafford,9.477756286
20187,KS,Stanton,6.123869172
20189,KS,Stevens,4.345521993
20191,KS,Sumner,8.593383388
20193,KS,Thomas,5.875499334
20195,KS,Trego,10.18884497
20197,KS,Wabaunsee,9.026582521
20199,KS,Wallace,12.41319444
20201,KS,Washington,11.12669472
20203,KS,Wichita,3.155339806
20205,KS,Wilson,7.961253216
20207,KS,Woodson,10.64414768
20209,KS,Wyandotte,6.523891236
21000,KY,Kentucky,7.241700992
21001,KY,Adair,7.101420284
21003,KY,Allen,6.978663957
21005,KY,Anderson,5.912368275
21007,KY,Ballard,8.271405493
21009,KY,Barren,5.697346969
21011,KY,Bath,6.164821124
21013,KY,Bell,4.73877319
21015,KY,Boone,8.679929489
21017,KY,Bourbon,5.836153502
21019,KY,Boyd,9.344145757
21021,KY,Boyle,5.751628597
21023,KY,Bracken,6.27654554
21025,KY,Breathitt,4.736305496
21027,KY,Breckinridge,9.43275972
21029,KY,Bullitt,8.545428916
21031,KY,Butler,7.661670684
21033,KY,Caldwell,5.668679014
21035,KY,Calloway,5.391047713
21037,KY,Campbell,5.935383862
21039,KY,Carlisle,7.840477482
21041,KY,Carroll,7.635032812
21043,KY,Carter,5.941790756
21045,KY,Casey,6.221821461
21047,KY,Christian,13.04357438
21049,KY,Clark,8.106398679
21051,KY,Clay,4.54432734
21053,KY,Clinton,8.619986404
21055,KY,Crittenden,6.782334385
21057,KY,Cumberland,6.642614601
21059,KY,Daviess,7.261217409
21061,KY,Edmonson,5.828408396
21063,KY,Elliott,5.43120474
21065,KY,Estill,6.117455139
21067,KY,Fayette,5.777438003
21069,KY,Fleming,7.064115001
21071,KY,Floyd,4.233727389
21073,KY,Franklin,7.375956554
21075,KY,Fulton,8.326771654
21077,KY,Gallatin,7.853881279
21079,KY,Garrard,9.162480318
21081,KY,Grant,8.318113897
21083,KY,Graves,6.121569191
21085,KY,Grayson,6.667334569
21087,KY,Green,8.502116947
21089,KY,Greenup,7.926548265
21091,KY,Hancock,9.168255831
21093,KY,Hardin,16.12145994
21095,KY,Harlan,5.365617433
21097,KY,Harrison,6.428373511
21099,KY,Hart,8.338531919
21101,KY,Henderson,6.712123828
21103,KY,Henry,7.43559719
21105,KY,Hickman,9.396527969
21107,KY,Hopkins,6.718553279
21109,KY,Jackson,4.819878256
21111,KY,Jefferson,7.002382414
21113,KY,Jessamine,7.711387256
21115,KY,Johnson,5.410742496
21117,KY,Kenton,7.244329269
21119,KY,Knott,3.523735677
21121,KY,Knox,4.481284808
21123,KY,Larue,8.176209923
21125,KY,Laurel,5.872715816
21127,KY,Lawrence,4.52415576
21129,KY,Lee,6.090846524
21131,KY,Leslie,3.493918436
21133,KY,Letcher,4.891400318
21135,KY,Lewis,5.983330026
21137,KY,Lincoln,7.889759525
21139,KY,Livingston,6.911537922
21141,KY,Logan,6.973386592
21143,KY,Lyon,10.80647318
21145,KY,McCracken,7.097502199
21147,KY,McCreary,7.351820814
21149,KY,McLean,8.7043379
21151,KY,Madison,7.240508414
21153,KY,Magoffin,4.302019315
21155,KY,Marion,7.450664519
21157,KY,Marshall,8.632006046
21159,KY,Martin,2.283957395
21161,KY,Mason,6.762917933
21163,KY,Meade,13.18086201
21165,KY,Menifee,5.671957672
21167,KY,Mercer,9.367480234
21169,KY,Metcalfe,7.202957675
21171,KY,Monroe,5.987540378
21173,KY,Montgomery,8.406542056
21175,KY,Morgan,5.802170209
21177,KY,Muhlenberg,6.617527285
21179,KY,Nelson,9.240130183
21181,KY,Nicholas,4.308547603
21183,KY,Ohio,6.609290522
21185,KY,Oldham,8.114824166
21187,KY,Owen,7.403990313
21189,KY,Owsley,4.892966361
21191,KY,Pendleton,8.46181427
21193,KY,Perry,5.45228674
21195,KY,Pike,5.301323722
21197,KY,Powell,6.359493671
21199,KY,Pulaski,8.823177063
21201,KY,Robertson,5.829326923
21203,KY,Rockcastle,5.252333492
21205,KY,Rowan,5.428311977
21207,KY,Russell,7.952561118
21209,KY,Scott,7.690844685
21211,KY,Shelby,6.828350066
21213,KY,Simpson,8.003548035
21215,KY,Spencer,5.900222777
21217,KY,Taylor,7.196242804
21219,KY,Todd,7.581025008
21221,KY,Trigg,13.30641461
21223,KY,Trimble,9.367996414
21225,KY,Union,7.301277502
21227,KY,Warren,6.700995738
21229,KY,Washington,5.472582579
21231,KY,Wayne,7.24961676
21233,KY,Webster,7.04735096
21235,KY,Whitley,6.615570795
21237,KY,Wolfe,4.639376218
21239,KY,Woodford,7.247702007
22000,LA,Louisiana,6.57071387
22001,LA,Acadia,4.66587584
22003,LA,Allen,4.644290812
22005,LA,Ascension,6.360836901
22007,LA,Assumption,7.084108783
22009,LA,Avoyelles,5.817356704
22011,LA,Beauregard,11.88316736
22013,LA,Bienville,5.550069129
22015,LA,Bossier,10.72209352
22017,LA,Caddo,8.299491688
22019,LA,Calcasieu,7.99911994
22021,LA,Caldwell,5.760986067
22023,LA,Cameron,6.117701791
22025,LA,Catahoula,6.190476191
22027,LA,Claiborne,5.957590037
22029,LA,Concordia,6.767537827
22031,LA,De Soto,7.058070236
22033,LA,East Baton Rouge,5.388044048
22035,LA,East Carroll,5.088195387
22037,LA,East Feliciana,5.276881053
22039,LA,Evangeline,5.104712042
22041,LA,Franklin,4.157167762
22043,LA,Grant,7.907135154
22045,LA,Iberia,5.84774095
22047,LA,Iberville,4.430301277
22049,LA,Jackson,7.612892396
22051,LA,Jefferson,5.810494633
22053,LA,Jefferson Davis,6.661661035
22055,LA,Lafayette,6.272001046
22057,LA,Lafourche,4.938502424
22059,LA,La Salle,5.421154865
22061,LA,Lincoln,6.368437403
22063,LA,Livingston,7.837236187
22065,LA,Madison,5.306588803
22067,LA,Morehouse,5.600736535
22069,LA,Natchitoches,5.791665233
22071,LA,Orleans,4.864813622
22073,LA,Ouachita,6.828435861
22075,LA,Plaquemines,8.075174295
22077,LA,Pointe Coupee,4.985319305
22079,LA,Rapides,9.318377912
22081,LA,Red River,3.852002027
22083,LA,Richland,4.997075833
22085,LA,Sabine,7.467399567
22087,LA,St. Bernard,5.05320804
22089,LA,St. Charles,6.632730588
22091,LA,St. Helena,4.284718997
22093,LA,St. James,4.01371777
22095,LA,St. John the Baptist,5.727588039
22097,LA,St. Landry,5.143102367
22099,LA,St. Martin,6.643710756
22101,LA,St. Mary,5.385063868
22103,LA,St. Tammany,7.572823368
22105,LA,Tangipahoa,6.511273369
22107,LA,Tensas,3.152470446
22109,LA,Terrebonne,6.056571973
22111,LA,Union,7.029273582
22113,LA,Vermilion,7.514194257
22115,LA,Vernon,17.43259505
22117,LA,Washington,7.775353164
22119,LA,Webster,7.412694544
22121,LA,West Baton Rouge,4.908958485
22123,LA,West Carroll,6.154648585
22125,LA,West Feliciana,6.647421394
22127,LA,Winn,6.750978073
23000,ME,Maine,9.179059997
23001,ME,Androscoggin,9.431012922
23003,ME,Aroostook,10.43181237
23005,ME,Cumberland,7.048142445
23007,ME,Franklin,10.26553065
23009,ME,Hancock,8.829492686
23011,ME,Kennebec,10.19764995
23013,ME,Knox,8.092121067
23015,ME,Lincoln,10.92532579
23017,ME,Oxford,9.744730431
23019,ME,Penobscot,8.785267782
23021,ME,Piscataquis,11.22397522
23023,ME,Sagadahoc,10.79466847
23025,ME,Somerset,11.07187523
23027,ME,Waldo,8.222111863
23029,ME,Washington,12.27198011
23031,ME,York,9.921127883
24000,MD,Maryland,7.439179606
24001,MD,Allegany,8.369570958
24003,MD,Anne Arundel,11.04157119
24005,MD,Baltimore,6.409414571
24009,MD,Calvert,11.09202805
24011,MD,Caroline,7.773781765
24013,MD,Carroll,7.739854878
24015,MD,Cecil,9.003106679
24017,MD,Charles,13.53551735
24019,MD,Dorchester,8.652869973
24021,MD,Frederick,8.199158155
24023,MD,Garrett,8.538239783
24025,MD,Harford,9.427110205
24027,MD,Howard,6.561272194
24029,MD,Kent,8.301396959
24031,MD,Montgomery,4.628535618
24033,MD,Prince George's,7.304932542
24035,MD,Queen Anne's,8.614001285
24037,MD,St. Mary's,13.73856319
24039,MD,Somerset,7.67324327
24041,MD,Talbot,8.667342866
24043,MD,Washington,7.762309508
24045,MD,Wicomico,6.997829937
24047,MD,Worcester,10.43496397
24510,MD,Baltimore,5.496497278
25000,MA,Massachusetts,4.95731175
25001,MA,Barnstable,8.092979865
25003,MA,Berkshire,7.070923705
25005,MA,Bristol,5.921613957
25007,MA,Dukes,6.21842675
25009,MA,Essex,4.723207102
25011,MA,Franklin,8.087822313
25013,MA,Hampden,6.390452132
25015,MA,Hampshire,5.356470077
25017,MA,Middlesex,3.93311254
25019,MA,Nantucket,5.150291611
25021,MA,Norfolk,4.549567992
25023,MA,Plymouth,6.429378749
25025,MA,Suffolk,2.504416486
25027,MA,Worcester,5.943053698
26000,MI,Michigan,6.569331378
26001,MI,Alcona,13.87315968
26003,MI,Alger,10.51790707
26005,MI,Allegan,5.271648454
26007,MI,Alpena,11.3034188
26009,MI,Antrim,9.773849753
26011,MI,Arenac,9.495791452
26013,MI,Baraga,9.532874506
26015,MI,Barry,7.886997225
26017,MI,Bay,8.784305214
26019,MI,Benzie,11.1497308
26021,MI,Berrien,6.972304985
26023,MI,Branch,6.920334327
26025,MI,Calhoun,8.490145971
26027,MI,Cass,7.848801626
26029,MI,Charlevoix,8.907436224
26031,MI,Cheboygan,10.39666557
26033,MI,Chippewa,8.98021309
26035,MI,Clare,10.03125888
26037,MI,Clinton,6.934169484
26039,MI,Crawford,12.21452639
26041,MI,Delta,11.23519459
26043,MI,Dickinson,9.794659211
26045,MI,Eaton,7.556087138
26047,MI,Emmet,6.897936827
26049,MI,Genesee,7.254102013
26051,MI,Gladwin,9.932741983
26053,MI,Gogebic,11.27372145
26055,MI,Grand Traverse,8.620712532
26057,MI,Gratiot,6.078402146
26059,MI,Hillsdale,8.206176331
26061,MI,Houghton,7.062336442
26063,MI,Huron,7.189748025
26065,MI,Ingham,5.406279501
26067,MI,Ionia,7.196998995
26069,MI,Iosco,13.37615989
26071,MI,Iron,10.73888541
26073,MI,Isabella,5.422945364
26075,MI,Jackson,7.455993894
26077,MI,Kalamazoo,6.312970597
26079,MI,Kalkaska,10.89530021
26081,MI,Kent,5.674254493
26083,MI,Keweenaw,15.37578887
26085,MI,Lake,10.31583064
26087,MI,Lapeer,7.815921955
26089,MI,Leelanau,8.246704533
26091,MI,Lenawee,7.246173111
26093,MI,Livingston,6.721839081
26095,MI,Luce,10.38227628
26097,MI,Mackinac,10.64087062
26099,MI,Macomb,6.145079605
26101,MI,Manistee,9.663926852
26103,MI,Marquette,9.465232764
26105,MI,Mason,8.450643406
26107,MI,Mecosta,7.995820785
26109,MI,Menominee,11.72119192
26111,MI,Midland,7.585132224
26113,MI,Missaukee,7.821132597
26115,MI,Monroe,7.795816758
26117,MI,Montcalm,8.265664063
26119,MI,Montmorency,11.61831077
26121,MI,Muskegon,8.063715503
26123,MI,Newaygo,8.975526022
26125,MI,Oakland,4.967865985
26127,MI,Oceana,7.966192257
26129,MI,Ogemaw,9.795797573
26131,MI,Ontonagon,15.54613755
26133,MI,Osceola,10.14999436
26135,MI,Oscoda,10.62443165
26137,MI,Otsego,9.086760306
26139,MI,Ottawa,5.514887059
26141,MI,Presque Isle,12.03847916
26143,MI,Roscommon,11.30626788
26145,MI,Saginaw,7.472412545
26147,MI,St. Clair,8.284594227
26149,MI,St. Joseph,8.055301147
26151,MI,Sanilac,8.42647518
26153,MI,Schoolcraft,9.103281415
26155,MI,Shiawassee,8.234834242
26157,MI,Tuscola,7.59622196
26159,MI,Van Buren,6.986204151
26161,MI,Washtenaw,4.348328977
26163,MI,Wayne,5.547690811
26165,MI,Wexford,11.5652614
27000,MN,Minnesota,6.507800325
27001,MN,Aitkin,11.47716007
27003,MN,Anoka,6.928491628
27005,MN,Becker,9.432106239
27007,MN,Beltrami,7.91499038
27009,MN,Benton,6.61197703
27011,MN,Big Stone,7.941613063
27013,MN,Blue Earth,5.63339171
27015,MN,Brown,6.649173186
27017,MN,Carlton,8.62996615
27019,MN,Carver,5.116913886
27021,MN,Cass,11.2280404
27023,MN,Chippewa,9.241234956
27025,MN,Chisago,8.809781482
27027,MN,Clay,5.395853453
27029,MN,Clearwater,9.982707122
27031,MN,Cook,7.715260017
27033,MN,Cottonwood,6.972157773
27035,MN,Crow Wing,9.455454176
27037,MN,Dakota,6.629644281
27039,MN,Dodge,6.568112559
27041,MN,Douglas,8.81438868
27043,MN,Faribault,8.68158284
27045,MN,Fillmore,7.561389186
27047,MN,Freeborn,8.350678545
27049,MN,Goodhue,9.213166314
27051,MN,Grant,7.913360498
27053,MN,Hennepin,5.016895495
27055,MN,Houston,7.440394629
27057,MN,Hubbard,10.93900096
27059,MN,Isanti,8.915242188
27061,MN,Itasca,10.43505143
27063,MN,Jackson,9.760471372
27065,MN,Kanabec,10.21235982
27067,MN,Kandiyohi,6.959203616
27069,MN,Kittson,7.844329584
27071,MN,Koochiching,9.071856287
27073,MN,Lac qui Parle,7.410881801
27075,MN,Lake,8.326697759
27077,MN,Lake of the Woods,10.02354524
27079,MN,Le Sueur,6.931467759
27081,MN,Lincoln,9.164358264
27083,MN,Lyon,5.682903534
27085,MN,McLeod,7.132201463
27087,MN,Mahnomen,6.505376344
27089,MN,Marshall,7.047509689
27091,MN,Martin,8.374888122
27093,MN,Meeker,7.365422956
27095,MN,Mille Lacs,9.540653647
27097,MN,Morrison,8.865316867
27099,MN,Mower,7.782258065
27101,MN,Murray,7.99189905
27103,MN,Nicollet,6.090874953
27105,MN,Nobles,5.736018455
27107,MN,Norman,7.947421638
27109,MN,Olmsted,6.434634835
27111,MN,Otter Tail,8.635437882
27113,MN,Pennington,6.544915176
27115,MN,Pine,8.814942035
27117,MN,Pipestone,7.843996494
27119,MN,Polk,7.896973818
27121,MN,Pope,10.27008625
27123,MN,Ramsey,4.944509867
27125,MN,Red Lake,8.700067705
27127,MN,Redwood,7.175625379
27129,MN,Renville,7.374657353
27131,MN,Rice,6.45699172
27133,MN,Rock,6.786011657
27135,MN,Roseau,7.280716871
27137,MN,St. Louis,7.960802267
27139,MN,Scott,5.059307451
27141,MN,Sherburne,6.86822122
27143,MN,Sibley,6.446815955
27145,MN,Stearns,7.408700278
27147,MN,Steele,7.182616142
27149,MN,Stevens,3.755435499
27151,MN,Swift,7.541899441
27153,MN,Todd,8.900220797
27155,MN,Traverse,9.724839804
27157,MN,Wabasha,7.525533059
27159,MN,Wadena,7.916747715
27161,MN,Waseca,6.75982653
27163,MN,Washington,6.199535173
27165,MN,Watonwan,7.70779067
27167,MN,Wilkin,5.650170307
27169,MN,Winona,6.94975022
27171,MN,Wright,6.954795812
27173,MN,Yellow Medicine,7.004048583
28000,MS,Mississippi,7.07959169
28001,MS,Adams,6.929850683
28003,MS,Alcorn,5.303875623
28005,MS,Amite,5.3314835
28007,MS,Attala,7.629508683
28009,MS,Benton,9.538714992
28011,MS,Bolivar,4.665418015
28013,MS,Calhoun,3.678474114
28015,MS,Carroll,4.875658459
28017,MS,Chickasaw,2.806361085
28019,MS,Choctaw,6.728682171
28021,MS,Claiborne,3.716592428
28023,MS,Clarke,6.924911588
28025,MS,Clay,7.794992392
28027,MS,Coahoma,5.004086251
28029,MS,Copiah,4.736241151
28031,MS,Covington,6.82782934
28033,MS,DeSoto,7.687269088
28035,MS,Forrest,7.601234547
28037,MS,Franklin,7.870683819
28039,MS,George,9.177981858
28041,MS,Greene,6.801053301
28043,MS,Grenada,6.312130268
28045,MS,Hancock,9.637056679
28047,MS,Harrison,14.05113227
28049,MS,Hinds,5.822628147
28051,MS,Holmes,3.474543335
28053,MS,Humphreys,3.291052451
28055,MS,Issaquena,2.983539095
28057,MS,Itawamba,7.112045724
28059,MS,Jackson,10.29003038
28061,MS,Jasper,8.961852645
28063,MS,Jefferson,4.202279202
28065,MS,Jefferson Davis,6.203937961
28067,MS,Jones,6.259190081
28069,MS,Kemper,5.227272727
28071,MS,Lafayette,4.757808364
28073,MS,Lamar,8.516402116
28075,MS,Lauderdale,8.476168115
28077,MS,Lawrence,4.773427189
28079,MS,Leake,6.648566738
28081,MS,Lee,5.99303473
28083,MS,Leflore,2.186320983
28085,MS,Lincoln,4.829705122
28087,MS,Lowndes,8.744889052
28089,MS,Madison,4.883248106
28091,MS,Marion,5.840114888
28093,MS,Marshall,5.670908685
28095,MS,Monroe,7.056481899
28097,MS,Montgomery,6.673618353
28099,MS,Neshoba,5.99847051
28101,MS,Newton,7.552832312
28103,MS,Noxubee,5.20061334
28105,MS,Oktibbeha,5.185413505
28107,MS,Panola,5.407359794
28109,MS,Pearl River,8.734431684
28111,MS,Perry,8.01405577
28113,MS,Pike,6.552744887
28115,MS,Pontotoc,6.752073005
28117,MS,Prentiss,5.490642126
28119,MS,Quitman,6.119096509
28121,MS,Rankin,7.309314073
28123,MS,Scott,5.519337287
28125,MS,Sharkey,2.983668342
28127,MS,Simpson,6.58531666
28129,MS,Smith,5.415162455
28131,MS,Stone,9.43185779
28133,MS,Sunflower,3.595823575
28135,MS,Tallahatchie,4.9267258
28137,MS,Tate,5.842894153
28139,MS,Tippah,5.259335472
28141,MS,Tishomingo,6.577081505
28143,MS,Tunica,4.960429621
28145,MS,Union,4.83014862
28147,MS,Walthall,2.595947334
28149,MS,Warren,7.177426451
28151,MS,Washington,4.598857684
28153,MS,Wayne,3.53460972
28155,MS,Webster,5.116959064
28157,MS,Wilkinson,4.689092763
28159,MS,Winston,7.204861111
28161,MS,Yalobusha,5.951891447
28163,MS,Yazoo,7.02865212
29000,MO,Missouri,7.973189506
29001,MO,Adair,4.570321956
29003,MO,Andrew,8.335766423
29005,MO,Atchison,8.822829964
29007,MO,Audrain,8.05089111
29009,MO,Barry,9.964439454
29011,MO,Barton,6.355077337
29013,MO,Bates,8.531502819
29015,MO,Benton,11.38013013
29017,MO,Bollinger,9.713810711
29019,MO,Boone,5.949761262
29021,MO,Buchanan,8.370985839
29023,MO,Butler,10.65004342
29025,MO,Caldwell,10.66805535
29027,MO,Callaway,8.912788536
29029,MO,Camden,11.42614361
29031,MO,Cape Girardeau,7.050373311
29033,MO,Carroll,6.775313113
29035,MO,Carter,14.02293359
29037,MO,Cass,9.600404279
29039,MO,Cedar,11.51661856
29041,MO,Chariton,10.76600942
29043,MO,Christian,8.956616152
29045,MO,Clark,8.06968362
29047,MO,Clay,7.685925519
29049,MO,Clinton,10.56718643
29051,MO,Cole,8.246889697
29053,MO,Cooper,9.2609017
29055,MO,Crawford,9.704782633
29057,MO,Dade,9.219504077
29059,MO,Dallas,8.684746826
29061,MO,Daviess,9.75843865
29063,MO,DeKalb,9.821522864
29065,MO,Dent,10.54222222
29067,MO,Douglas,10.91027875
29069,MO,Dunklin,6.61176582
29071,MO,Franklin,8.599765755
29073,MO,Gasconade,7.329351536
29075,MO,Gentry,9.003627054
29077,MO,Greene,6.874106933
29079,MO,Grundy,7.469717362
29081,MO,Harrison,7.801647553
29083,MO,Henry,11.74393975
29085,MO,Hickory,10.99106886
29087,MO,Holt,8.980797637
29089,MO,Howard,7.391469434
29091,MO,Howell,10.78245859
29093,MO,Iron,9.749303621
29095,MO,Jackson,7.005053923
29097,MO,Jasper,7.899457473
29099,MO,Jefferson,8.677473565
29101,MO,Johnson,14.54863253
29103,MO,Knox,9.753557792
29105,MO,Laclede,9.501841586
29107,MO,Lafayette,8.196001756
29109,MO,Lawrence,10.34629125
29111,MO,Lewis,9.938445755
29113,MO,Lincoln,8.079579614
29115,MO,Linn,7.342273027
29117,MO,Livingston,7.173319686
29119,MO,McDonald,8.821156949
29121,MO,Macon,8.875128999
29123,MO,Madison,11.29807692
29125,MO,Maries,12.36791189
29127,MO,Marion,7.978332721
29129,MO,Mercer,8.956328645
29131,MO,Miller,10.81383574
29133,MO,Mississippi,6.302768506
29135,MO,Moniteau,8.607809847
29137,MO,Monroe,11.58099223
29139,MO,Montgomery,9.430122117
29141,MO,Morgan,9.015880955
29143,MO,New Madrid,8.803647225
29145,MO,Newton,9.302482158
29147,MO,Nodaway,5.19545053
29149,MO,Oregon,10.52709069
29151,MO,Osage,7.079131109
29153,MO,Ozark,10.13745704
29155,MO,Pemiscot,7.026476578
29157,MO,Perry,8.447977878
29159,MO,Pettis,8.593139248
29161,MO,Phelps,8.781458837
29163,MO,Pike,7.191189174
29165,MO,Platte,9.180150889
29167,MO,Polk,7.300144598
29169,MO,Pulaski,19.02055508
29171,MO,Putnam,11.4640884
29173,MO,Ralls,9.792541368
29175,MO,Randolph,8.119526018
29177,MO,Ray,8.929574301
29179,MO,Reynolds,10.11033099
29181,MO,Ripley,9.250891796
29183,MO,St. Charles,7.414840055
29185,MO,St. Clair,10.53921569
29186,MO,Ste. Genevieve,9.018494147
29187,MO,St. Francois,7.793730965
29189,MO,St. Louis,6.635053437
29195,MO,Saline,5.626012626
29197,MO,Schuyler,6.536810829
29199,MO,Scotland,8.75111243
29201,MO,Scott,8.228001524
29203,MO,Shannon,11.20428189
29205,MO,Shelby,8.986074848
29207,MO,Stoddard,9.341076614
29209,MO,Stone,11.90098627
29211,MO,Sullivan,6.734517107
29213,MO,Taney,10.46958499
29215,MO,Texas,13.4598615
29217,MO,Vernon,6.730962427
29219,MO,Warren,10.70401494
29221,MO,Washington,9.323011036
29223,MO,Wayne,9.397321429
29225,MO,Webster,11.20698801
29227,MO,Worth,7.442151345
29229,MO,Wright,10.76146653
29510,MO,St. Louis,6.181654603
30000,MT,Montana,10.02775656
30001,MT,Beaverhead,9.12596401
30003,MT,Big Horn,6.493804498
30005,MT,Blaine,8.338417734
30007,MT,Broadwater,10.852135
30009,MT,Carbon,9.757230805
30011,MT,Carter,7.097933513
30013,MT,Cascade,14.66176823
30015,MT,Chouteau,9.385400488
30017,MT,Custer,9.263334381
30019,MT,Daniels,9.409190372
30021,MT,Dawson,9.895979758
30023,MT,Deer Lodge,10.59316808
30025,MT,Fallon,3.588413316
30027,MT,Fergus,12.59412856
30029,MT,Flathead,10.55580346
30031,MT,Gallatin,6.27164294
30033,MT,Garfield,6.307490145
30035,MT,Glacier,9.685729006
30037,MT,Golden Valley,12.00585652
30039,MT,Granite,11.58202411
30041,MT,Hill,7.852509389
30043,MT,Jefferson,12.47260202
30045,MT,Judith Basin,9.582790091
30047,MT,Lake,10.50151464
30049,MT,Lewis and Clark,11.27076049
30051,MT,Liberty,7.687165775
30053,MT,Lincoln,13.86570325
30055,MT,McCone,8.538251366
30057,MT,Madison,12.63069845
30059,MT,Meagher,13.86449184
30061,MT,Mineral,15.79239523
30063,MT,Missoula,8.085579911
30065,MT,Musselshell,11.65297741
30067,MT,Park,9.557159027
30069,MT,Petroleum,10.89385475
30071,MT,Phillips,8.640445959
30073,MT,Pondera,9.49353212
30075,MT,Powder River,7.857142857
30077,MT,Powell,13.7603796
30079,MT,Prairie,12.48665955
30081,MT,Ravalli,12.19374506
30083,MT,Richland,6.173276676
30085,MT,Roosevelt,7.998885173
30087,MT,Rosebud,10.73130649
30089,MT,Sanders,15.55160845
30091,MT,Sheridan,9.720229555
30093,MT,Silver Bow,9.633605937
30095,MT,Stillwater,11.45071029
30097,MT,Sweet Grass,10.98226467
30099,MT,Teton,9.344581441
30101,MT,Toole,11.49138146
30103,MT,Treasure,10.59027778
30105,MT,Valley,10.05016433
30107,MT,Wheatland,10.55825243
30109,MT,Wibaux,8.655126498
30111,MT,Yellowstone,9.739677559
31000,NE,Nebraska,7.664282333
31001,NE,Adams,6.8113804
31003,NE,Antelope,9.331941545
31005,NE,Arthur,7.715133531
31007,NE,Banner,7.566462168
31009,NE,Blaine,18.79194631
31011,NE,Boone,7.269632871
31013,NE,Box Butte,7.213683689
31015,NE,Boyd,10.23890785
31017,NE,Brown,10.428051
31019,NE,Buffalo,6.569055255
31021,NE,Burt,9.967035098
31023,NE,Butler,7.24614901
31025,NE,Cass,12.58703004
31027,NE,Cedar,7.808241142
31029,NE,Chase,6.79473497
31031,NE,Cherry,8.393113343
31033,NE,Cheyenne,8.376464179
31035,NE,Clay,7.826847398
31037,NE,Colfax,6.724541822
31039,NE,Cuming,6.143848767
31041,NE,Custer,8.253573648
31043,NE,Dakota,5.473530194
31045,NE,Dawes,7.526408451
31047,NE,Dawson,6.300568084
31049,NE,Deuel,10.59602649
31051,NE,Dixon,9.51022349
31053,NE,Dodge,8.661585583
31055,NE,Douglas,6.707207638
31057,NE,Dundy,7.02364395
31059,NE,Fillmore,7.700993677
31061,NE,Franklin,7.939914163
31063,NE,Frontier,9.447236181
31065,NE,Furnas,9.068150209
31067,NE,Gage,6.806532364
31069,NE,Garden,16.87363039
31071,NE,Garfield,8.384043273
31073,NE,Gosper,9.171195652
31075,NE,Grant,3.21969697
31077,NE,Greeley,10.47058824
31079,NE,Hall,6.249861827
31081,NE,Hamilton,8.12631579
31083,NE,Harlan,9.607522486
31085,NE,Hayes,10.73025335
31087,NE,Hitchcock,9.883426254
31089,NE,Holt,7.999476303
31091,NE,Hooker,10.64981949
31093,NE,Howard,8.177522088
31095,NE,Jefferson,8.069676502
31097,NE,Johnson,6.958157029
31099,NE,Kearney,6.678884138
31101,NE,Keith,8.809160305
31103,NE,Keya Paha,5.610098177
31105,NE,Kimball,7.705840957
31107,NE,Knox,8.385975995
31109,NE,Lancaster,5.969779841
31111,NE,Lincoln,8.815333635
31113,NE,Logan,10
31115,NE,Loup,7.874015748
31117,NE,McPherson,5.569620253
31119,NE,Madison,6.056135573
31121,NE,Merrick,9.121451369
31123,NE,Morrill,8.050242649
31125,NE,Nance,9.647423479
31127,NE,Nemaha,7.416137806
31129,NE,Nuckolls,9.576090271
31131,NE,Otoe,9.896787082
31133,NE,Pawnee,8.77016129
31135,NE,Perkins,11.78654292
31137,NE,Phelps,7.838514808
31139,NE,Pierce,7.810475662
31141,NE,Platte,5.894535606
31143,NE,Polk,9.811227024
31145,NE,Red Willow,7.778186726
31147,NE,Richardson,8.969619032
31149,NE,Rock,4.771178189
31151,NE,Saline,5.794252551
31153,NE,Sarpy,13.53666226
31155,NE,Saunders,8.778556199
31157,NE,Scotts Bluff,7.248193482
31159,NE,Seward,7.147106946
31161,NE,Sheridan,11.48361271
31163,NE,Sherman,6.937394247
31165,NE,Sioux,9.688995215
31167,NE,Stanton,8.152546243
31169,NE,Thayer,8.092635962
31171,NE,Thomas,4.925053533
31173,NE,Thurston,6.06200833
31175,NE,Valley,8.96903926
31177,NE,Washington,8.922762931
31179,NE,Wayne,6.038080334
31181,NE,Webster,8.910520404
31183,NE,Wheeler,7.679738562
31185,NE,York,8.294079616
32000,NV,Nevada,8.600339846
32001,NV,Churchill,17.3657626
32003,NV,Clark,8.118127704
32005,NV,Douglas,12.05490788
32007,NV,Elko,8.189577833
32009,NV,Esmeralda,11.18644068
32011,NV,Eureka,8.477666363
32013,NV,Humboldt,7.717270856
32015,NV,Lander,8.021641967
32017,NV,Lincoln,12.03904555
32019,NV,Lyon,12.82011894
32021,NV,Mineral,14.51920458
32023,NV,Nye,16.7490759
32027,NV,Pershing,8.773194019
32029,NV,Storey,14.01082381
32031,NV,Washoe,8.42015763
32033,NV,White Pine,9.526990914
32510,NV,Carson,9.116616998
33000,NH,New Hampshire,8.203692685
33001,NH,Belknap,10.53660993
33003,NH,Carroll,9.657594381
33005,NH,Cheshire,9.179500288
33007,NH,Coos,9.739421105
33009,NH,Grafton,7.611631139
33011,NH,Hillsborough,7.474020066
33013,NH,Merrimack,8.375883024
33015,NH,Rockingham,8.194485315
33017,NH,Strafford,7.701447499
33019,NH,Sullivan,9.345207513
34000,NJ,New Jersey,4.311104224
34001,NJ,Atlantic,5.545100991
34003,NJ,Bergen,3.576640973
34005,NJ,Burlington,7.357394268
34007,NJ,Camden,5.475466999
34009,NJ,Cape May,8.460262985
34011,NJ,Cumberland,5.049488913
34013,NJ,Essex,2.935234535
34015,NJ,Gloucester,6.589272782
34017,NJ,Hudson,2.012063553
34019,NJ,Hunterdon,4.911298391
34021,NJ,Mercer,4.024597706
34023,NJ,Middlesex,3.50460253
34025,NJ,Monmouth,4.653785876
34027,NJ,Morris,3.87354954
34029,NJ,Ocean,7.06680512
34031,NJ,Passaic,3.006658738
34033,NJ,Salem,6.525385268
34035,NJ,Somerset,3.714882231
34037,NJ,Sussex,5.932407966
34039,NJ,Union,3.01289671
34041,NJ,Warren,6.353798838
35000,NM,New Mexico,8.643437948
35001,NM,Bernalillo,8.565552699
35003,NM,Catron,17.35086594
35005,NM,Chaves,7.257087979
35006,NM,Cibola,7.309829469
35007,NM,Colfax,10.17502225
35009,NM,Curry,12.10456875
35011,NM,De Baca,8.275261324
35015,NM,Eddy,7.525315889
35017,NM,Grant,11.95700257
35019,NM,Guadalupe,6.196403873
35021,NM,Harding,13.94335512
35023,NM,Hidalgo,7.62345679
35025,NM,Lea,3.518313425
35027,NM,Lincoln,10.57587831
35028,NM,Los Alamos,8.663798898
35029,NM,Luna,8.605599348
35031,NM,McKinley,5.715993214
35033,NM,Mora,9.078771696
35035,NM,Otero,16.32916846
35037,NM,Quay,10.17910448
35039,NM,Rio Arriba,8.1657034
35041,NM,Roosevelt,6.551480959
35043,NM,Sandoval,9.531771096
35045,NM,San Juan,6.627585444
35047,NM,San Miguel,8.109194889
35049,NM,Santa Fe,7.67773038
35051,NM,Sierra,15.9830561
35053,NM,Socorro,8.425392874
35055,NM,Taos,9.280717869
35057,NM,Torrance,12.93703362
35059,NM,Union,8.190709047
35061,NM,Valencia,11.11474282
36000,NY,New York,4.191373617
36001,NY,Albany,5.399797985
36003,NY,Allegany,9.197446052
36005,NY,Bronx,2.241246747
36007,NY,Broome,6.916861218
36009,NY,Cattaraugus,9.404817509
36011,NY,Cayuga,7.980418944
36013,NY,Chautauqua,7.916376033
36015,NY,Chemung,9.212015147
36017,NY,Chenango,8.631039727
36019,NY,Clinton,7.560305344
36021,NY,Columbia,6.653213957
36023,NY,Cortland,6.851338874
36025,NY,Delaware,7.613163197
36027,NY,Dutchess,5.510584138
36029,NY,Erie,6.588368919
36031,NY,Essex,7.35654109
36033,NY,Franklin,7.921866522
36035,NY,Fulton,8.346227786
36037,NY,Genesee,7.835780667
36039,NY,Greene,7.554746346
36041,NY,Hamilton,8.12858783
36043,NY,Herkimer,8.632763652
36045,NY,Jefferson,13.02890604
36047,NY,Kings,1.751557224
36049,NY,Lewis,8.679430535
36051,NY,Livingston,7.23798721
36053,NY,Madison,7.65584862
36055,NY,Monroe,5.408955782
36057,NY,Montgomery,7.112233357
36059,NY,Nassau,3.492562501
36061,NY,New York,2.063466812
36063,NY,Niagara,8.170963141
36065,NY,Oneida,7.943498724
36067,NY,Onondaga,6.445820001
36069,NY,Ontario,6.936810118
36071,NY,Orange,6.4102608
36073,NY,Orleans,8.177406062
36075,NY,Oswego,9.190183653
36077,NY,Otsego,7.708961415
36079,NY,Putnam,4.350648524
36081,NY,Queens,2.165113058
36083,NY,Rensselaer,6.860001237
36085,NY,Richmond,3.252573741
36087,NY,Rockland,3.351355417
36089,NY,St. Lawrence,8.109510685
36091,NY,Saratoga,7.715772379
36093,NY,Schenectady,6.69712539
36095,NY,Schoharie,7.487392224
36097,NY,Schuyler,9.581543578
36099,NY,Seneca,9.026137035
36101,NY,Steuben,9.529560226
36103,NY,Suffolk,4.688403708
36105,NY,Sullivan,6.38290954
36107,NY,Tioga,8.822151668
36109,NY,Tompkins,4.290691887
36111,NY,Ulster,5.16937262
36113,NY,Warren,8.237883819
36115,NY,Washington,8.166950938
36117,NY,Wayne,8.13240817
36119,NY,Westchester,3.388630789
36121,NY,Wyoming,6.890502862
36123,NY,Yates,7.351865399
37000,NC,North Carolina,8.007841731
37001,NC,Alamance,6.999481802
37003,NC,Alexander,6.157863991
37005,NC,Alleghany,8.147247402
37007,NC,Anson,7.736954807
37009,NC,Ashe,7.808587169
37011,NC,Avery,5.901747445
37013,NC,Beaufort,8.265544908
37015,NC,Bertie,6.995665222
37017,NC,Bladen,9.320290524
37019,NC,Brunswick,11.57811331
37021,NC,Buncombe,7.651266012
37023,NC,Burke,6.750889381
37025,NC,Cabarrus,6.927300173
37027,NC,Caldwell,7.211732869
37029,NC,Camden,14.55256847
37031,NC,Carteret,13.11555427
37033,NC,Caswell,6.643243243
37035,NC,Catawba,7.21795439
37037,NC,Chatham,7.337400407
37039,NC,Cherokee,12.20854514
37041,NC,Chowan,8.882390569
37043,NC,Clay,9.580052493
37045,NC,Cleveland,7.818972929
37047,NC,Columbus,7.083261549
37049,NC,Craven,15.07854542
37051,NC,Cumberland,18.75946431
37053,NC,Currituck,15.49695165
37055,NC,Dare,9.33655979
37057,NC,Davidson,7.171573573
37059,NC,Davie,8.586478317
37061,NC,Duplin,7.010582011
37063,NC,Durham,5.436966645
37065,NC,Edgecombe,7.589845382
37067,NC,Forsyth,6.797712407
37069,NC,Franklin,8.021126225
37071,NC,Gaston,7.471649677
37073,NC,Gates,9.767880288
37075,NC,Graham,6.769706337
37077,NC,Granville,7.574376398
37079,NC,Greene,6.51722453
37081,NC,Guilford,6.551305025
37083,NC,Halifax,6.137763287
37085,NC,Harnett,12.35938315
37087,NC,Haywood,10.79419232
37089,NC,Henderson,8.750266809
37091,NC,Hertford,7.098436887
37093,NC,Hoke,16.40920111
37095,NC,Hyde,7.030205827
37097,NC,Iredell,6.874655667
37099,NC,Jackson,7.930589818
37101,NC,Johnston,9.335205755
37103,NC,Jones,10.97141345
37105,NC,Lee,8.408681842
37107,NC,Lenoir,10.13670364
37109,NC,Lincoln,8.20429996
37111,NC,McDowell,7.893700787
37113,NC,Macon,9.884458692
37115,NC,Madison,8.421173896
37117,NC,Martin,7.142452242
37119,NC,Mecklenburg,5.724732312
37121,NC,Mitchell,7.847478475
37123,NC,Montgomery,5.830152199
37125,NC,Moore,12.50287944
37127,NC,Nash,8.968664684
37129,NC,New Hanover,7.321244174
37131,NC,Northampton,7.512532177
37133,NC,Onslow,21.49548359
37135,NC,Orange,4.830368574
37137,NC,Pamlico,12.73458445
37139,NC,Pasquotank,11.5775707
37141,NC,Pender,11.41432752
37143,NC,Perquimans,11.08993902
37145,NC,Person,7.403684006
37147,NC,Pitt,7.839024317
37149,NC,Polk,8.73015873
37151,NC,Randolph,7.667869646
37153,NC,Richmond,6.632606514
37155,NC,Robeson,6.974805066
37157,NC,Rockingham,6.789099854
37159,NC,Rowan,8.528138528
37161,NC,Rutherford,7.611216119
37163,NC,Sampson,7.161405865
37165,NC,Scotland,7.256905032
37167,NC,Stanly,7.013243806
37169,NC,Stokes,9.24849089
37171,NC,Surry,6.061199772
37173,NC,Swain,6.888950124
37175,NC,Transylvania,11.32721052
37177,NC,Tyrrell,7.257240204
37179,NC,Union,6.709896503
37181,NC,Vance,6.723207402
37183,NC,Wake,6.061278785
37185,NC,Warren,8.084665674
37187,NC,Washington,8.396258312
37189,NC,Watauga,5.836039133
37191,NC,Wayne,12.13376533
37193,NC,Wilkes,7.556727632
37195,NC,Wilson,7.326788312
37197,NC,Yadkin,7.680491552
37199,NC,Yancey,5.728643216
38000,ND,North Dakota,7.742472501
38001,ND,Adams,7.491289199
38003,ND,Barnes,9.079401611
38005,ND,Benson,8.234688626
38007,ND,Billings,8.191653787
38009,ND,Bottineau,10.52316294
38011,ND,Bowman,6.239015817
38013,ND,Burke,6.517690875
38015,ND,Burleigh,7.145731609
38017,ND,Cass,6.225598069
38019,ND,Cavalier,6.538196834
38021,ND,Dickey,6.801275239
38023,ND,Divide,7.096392667
38025,ND,Dunn,11.22874559
38027,ND,Eddy,6.52173913
38029,ND,Emmons,6.940298508
38031,ND,Foster,5.614973262
38033,ND,Golden Valley,8.780487805
38035,ND,Grand Forks,7.364570445
38037,ND,Grant,10.51771117
38039,ND,Griggs,6.011235955
38041,ND,Hettinger,8.547008547
38043,ND,Kidder,10.37946429
38045,ND,LaMoure,8.148610678
38047,ND,Logan,7.038327526
38049,ND,McHenry,12.52441406
38051,ND,McIntosh,7.80952381
38053,ND,McKenzie,5.794915985
38055,ND,McLean,8.376135915
38057,ND,Mercer,10.04962779
38059,ND,Morton,8.669306931
38061,ND,Mountrail,6.491253434
38063,ND,Nelson,9.440993789
38065,ND,Oliver,7.881417209
38067,ND,Pembina,10.18053229
38069,ND,Pierce,8.54206808
38071,ND,Ramsey,7.566697332
38073,ND,Ransom,10.19428571
38075,ND,Renville,12.24127735
38077,ND,Richland,8.483951387
38079,ND,Rolette,6.488921354
38081,ND,Sargent,8.035714286
38083,ND,Sheridan,6.216216216
38085,ND,Sioux,5.319571258
38087,ND,Slope,4.854368932
38089,ND,Stark,6.958242128
38091,ND,Steele,8.229598894
38093,ND,Stutsman,6.84819922
38095,ND,Towner,5.493863238
38097,ND,Traill,7.183580388
38099,ND,Walsh,8.02856791
38101,ND,Ward,11.73538462
38103,ND,Wells,6.25798212
38105,ND,Williams,9.198078344
39000,OH,Ohio,7.298810329
39001,OH,Adams,8.806355892
39003,OH,Allen,7.763405816
39005,OH,Ashland,7.547354991
39007,OH,Ashtabula,9.405055973
39009,OH,Athens,6.069024668
39011,OH,Auglaize,7.469164002
39013,OH,Belmont,7.702647958
39015,OH,Brown,8.652073047
39017,OH,Butler,6.811786603
39019,OH,Carroll,8.737454273
39021,OH,Champaign,8.475309464
39023,OH,Clark,10.08990154
39025,OH,Clermont,7.775899844
39027,OH,Clinton,9.558459252
39029,OH,Columbiana,10.0792919
39031,OH,Coshocton,7.741658005
39033,OH,Crawford,7.555704985
39035,OH,Cuyahoga,6.216810685
39037,OH,Darke,7.137591825
39039,OH,Defiance,7.581202957
39041,OH,Delaware,6.210721599
39043,OH,Erie,8.792727394
39045,OH,Fairfield,7.811779308
39047,OH,Fayette,6.468023256
39049,OH,Franklin,5.892969967
39051,OH,Fulton,7.38069664
39053,OH,Gallia,5.944365698
39055,OH,Geauga,6.438048581
39057,OH,Greene,11.68565676
39059,OH,Guernsey,9.250425326
39061,OH,Hamilton,6.14577478
39063,OH,Hancock,7.806098836
39065,OH,Hardin,7.163540224
39067,OH,Harrison,8.48358157
39069,OH,Henry,9.686893089
39071,OH,Highland,8.635947513
39073,OH,Hocking,7.617835553
39075,OH,Holmes,3.553816819
39077,OH,Huron,7.399148591
39079,OH,Jackson,8.877938444
39081,OH,Jefferson,8.814774085
39083,OH,Knox,8.628826797
39085,OH,Lake,7.544903083
39087,OH,Lawrence,8.703187732
39089,OH,Licking,9.264734001
39091,OH,Logan,8.130058294
39093,OH,Lorain,7.651561682
39095,OH,Lucas,6.320600442
39097,OH,Madison,7.634593356
39099,OH,Mahoning,7.549145369
39101,OH,Marion,8.811376026
39103,OH,Medina,6.890631097
39105,OH,Meigs,7.586525683
39107,OH,Mercer,6.694251989
39109,OH,Miami,8.30246241
39111,OH,Monroe,8.250209751
39113,OH,Montgomery,8.988194761
39115,OH,Morgan,7.150655022
39117,OH,Morrow,8.187869823
39119,OH,Muskingum,7.997958479
39121,OH,Noble,9.214987395
39123,OH,Ottawa,9.654816792
39125,OH,Paulding,8.134671686
39127,OH,Perry,9.503797095
39129,OH,Pickaway,8.117654754
39131,OH,Pike,9.787520431
39133,OH,Portage,6.514289188
39135,OH,Preble,8.500534625
39137,OH,Putnam,5.695037406
39139,OH,Richland,8.682440436
39141,OH,Ross,8.635749366
39143,OH,Sandusky,7.742132467
39145,OH,Scioto,7.87091222
39147,OH,Seneca,7.81282689
39149,OH,Shelby,7.802398188
39151,OH,Stark,8.014140395
39153,OH,Summit,6.773970273
39155,OH,Trumbull,9.018868866
39157,OH,Tuscarawas,7.634089701
39159,OH,Union,6.635652904
39161,OH,Van Wert,6.313016623
39163,OH,Vinton,6.341902571
39165,OH,Warren,6.93505486
39167,OH,Washington,10.21692471
39169,OH,Wayne,6.609117274
39171,OH,Williams,6.980973699
39173,OH,Wood,5.929736488
39175,OH,Wyandot,7.925531915
40000,OK,Oklahoma,8.716539195
40001,OK,Adair,7.83839779
40003,OK,Alfalfa,10.69635451
40005,OK,Atoka,8.774986246
40007,OK,Beaver,5.360934183
40009,OK,Beckham,6.709880869
40011,OK,Blaine,6.724416385
40013,OK,Bryan,7.672071145
40015,OK,Caddo,7.337967496
40017,OK,Canadian,8.801619433
40019,OK,Carter,8.226792663
40021,OK,Cherokee,7.649872276
40023,OK,Choctaw,9.909242452
40025,OK,Cimarron,9.303686366
40027,OK,Cleveland,9.475221866
40029,OK,Coal,8.752789487
40031,OK,Comanche,17.48710232
40033,OK,Cotton,9.858172518
40035,OK,Craig,6.374501992
40037,OK,Creek,8.497890141
40039,OK,Custer,6.119109948
40041,OK,Delaware,9.320514406
40043,OK,Dewey,5.966081163
40045,OK,Ellis,8.645336964
40047,OK,Garfield,8.889325389
40049,OK,Garvin,8.00144263
40051,OK,Grady,8.973371214
40053,OK,Grant,10.34047919
40055,OK,Greer,7.220216607
40057,OK,Harmon,3.532467533
40059,OK,Harper,7.911646586
40061,OK,Haskell,10.16397125
40063,OK,Hughes,6.746345318
40065,OK,Jackson,13.23721405
40067,OK,Jefferson,8.220858896
40069,OK,Johnston,9.391917412
40071,OK,Kay,9.589748262
40073,OK,Kingfisher,4.790528233
40075,OK,Kiowa,7.285382831
40077,OK,Latimer,12.40133779
40079,OK,Le Flore,9.64129868
40081,OK,Lincoln,10.1620606
40083,OK,Logan,8.484220042
40085,OK,Love,8.84595163
40087,OK,McClain,8.266710354
40089,OK,McCurtain,8.185361628
40091,OK,McIntosh,12.07789653
40093,OK,Major,9.53125
40095,OK,Marshall,11.78716904
40097,OK,Mayes,9.44816332
40099,OK,Murray,10.08387522
40101,OK,Muskogee,8.778020234
40103,OK,Noble,6.778232603
40105,OK,Nowata,3.259380992
40107,OK,Okfuskee,7.833578959
40109,OK,Oklahoma,8.649713774
40111,OK,Okmulgee,7.88194814
40113,OK,Osage,8.534456483
40115,OK,Ottawa,8.809128268
40117,OK,Pawnee,8.302675585
40119,OK,Payne,5.675134906
40121,OK,Pittsburg,11.4338964
40123,OK,Pontotoc,7.408690831
40125,OK,Pottawatomie,9.011495923
40127,OK,Pushmataha,10.77104179
40129,OK,Roger Mills,5.515128303
40131,OK,Rogers,9.541383314
40133,OK,Seminole,9.424669801
40135,OK,Sequoyah,9.445108191
40137,OK,Stephens,9.102782165
40139,OK,Texas,2.322857701
40141,OK,Tillman,7.286245353
40143,OK,Tulsa,7.317206191
40145,OK,Wagoner,10.33198221
40147,OK,Washington,8.073611601
40149,OK,Washita,8.564139942
40151,OK,Woods,5.557193396
40153,OK,Woodward,8.18052686
41000,OR,Oregon,7.968746715
41001,OR,Baker,13.21585903
41003,OR,Benton,6.178215323
41005,OR,Clackamas,7.459980866
41007,OR,Clatsop,10.93501407
41009,OR,Columbia,11.27104113
41011,OR,Coos,12.70128288
41013,OR,Crook,13.27053465
41015,OR,Curry,13.50372308
41017,OR,Deschutes,8.559003502
41019,OR,Douglas,13.93680423
41021,OR,Gilliam,12.73964131
41023,OR,Grant,12.53355705
41025,OR,Harney,9.221173297
41027,OR,Hood River,5.634881558
41029,OR,Jackson,9.426166533
41031,OR,Jefferson,8.938788729
41033,OR,Josephine,12.48899367
41035,OR,Klamath,11.3507613
41037,OR,Lake,9.437996335
41039,OR,Lane,8.496826824
41041,OR,Lincoln,12.45927749
41043,OR,Linn,10.18157049
41045,OR,Malheur,8.420555937
41047,OR,Marion,7.310740218
41049,OR,Morrow,10.2788661
41051,OR,Multnomah,5.316149697
41053,OR,Polk,8.644642482
41055,OR,Sherman,10.54852321
41057,OR,Tillamook,10.32630956
41059,OR,Umatilla,7.949374768
41061,OR,Union,8.777260475
41063,OR,Wallowa,9.344069787
41065,OR,Wasco,10.72432852
41067,OR,Washington,6.176015352
41069,OR,Wheeler,13.5
41071,OR,Yamhill,9.17667959
42000,PA,Pennsylvania,6.859007036
42001,PA,Adams,8.225761656
42003,PA,Allegheny,6.563433516
42005,PA,Armstrong,9.041693297
42007,PA,Beaver,8.489966135
42009,PA,Bedford,8.408557266
42011,PA,Berks,6.478919243
42013,PA,Blair,9.403667379
42015,PA,Bradford,9.510689648
42017,PA,Bucks,6.016045393
42019,PA,Butler,7.860815528
42021,PA,Cambria,9.275166042
42023,PA,Cameron,10.41612143
42025,PA,Carbon,8.976540543
42027,PA,Centre,5.398692035
42029,PA,Chester,5.66950422
42031,PA,Clarion,8.350070791
42033,PA,Clearfield,8.4254815
42035,PA,Clinton,8.551100472
42037,PA,Columbia,6.781059541
42039,PA,Crawford,9.221716476
42041,PA,Cumberland,8.673441848
42043,PA,Dauphin,7.43379462
42045,PA,Delaware,5.466707915
42047,PA,Elk,9.165230634
42049,PA,Erie,8.045594826
42051,PA,Fayette,7.840035284
42053,PA,Forest,8.509024723
42055,PA,Franklin,9.418133285
42057,PA,Fulton,7.351928375
42059,PA,Greene,8.59680406
42061,PA,Huntingdon,9.154600654
42063,PA,Indiana,7.714486433
42065,PA,Jefferson,8.143667947
42067,PA,Juniata,7.000821693
42069,PA,Lackawanna,6.926918956
42071,PA,Lancaster,6.274591013
42073,PA,Lawrence,8.832615411
42075,PA,Lebanon,8.193231242
42077,PA,Lehigh,6.016939409
42079,PA,Luzerne,7.791236497
42081,PA,Lycoming,9.604894101
42083,PA,McKean,8.845171023
42085,PA,Mercer,9.494485809
42087,PA,Mifflin,8.794961512
42089,PA,Monroe,8.033012992
42091,PA,Montgomery,5.475915708
42093,PA,Montour,8.484131403
42095,PA,Northampton,6.754254546
42097,PA,Northumberland,8.575115458
42099,PA,Perry,8.986514667
42101,PA,Philadelphia,4.339215716
42103,PA,Pike,8.753681308
42105,PA,Potter,9.883631909
42107,PA,Schuylkill,8.115260988
42109,PA,Snyder,6.161077236
42111,PA,Somerset,8.51210845
42113,PA,Sullivan,8.815219439
42115,PA,Susquehanna,9.755942747
42117,PA,Tioga,10.99339361
42119,PA,Union,6.486562942
42121,PA,Venango,10.10690227
42123,PA,Warren,11.80263707
42125,PA,Washington,7.546247152
42127,PA,Wayne,10.65926862
42129,PA,Westmoreland,8.352306688
42131,PA,Wyoming,8.13597627
42133,PA,York,7.856364691
44000,RI,Rhode Island,5.950706036
44001,RI,Bristol,5.502578574
44003,RI,Kent,8.038519577
44005,RI,Newport,9.884912733
44007,RI,Providence,4.719253957
44009,RI,Washington,6.917714243
45000,SC,South Carolina,8.918383352
45001,SC,Abbeville,8.074662267
45003,SC,Aiken,9.765269699
45005,SC,Allendale,6.649692976
45007,SC,Anderson,8.616003444
45009,SC,Bamberg,5.185047769
45011,SC,Barnwell,7.646167445
45013,SC,Beaufort,11.66412905
45015,SC,Berkeley,12.53763963
45017,SC,Calhoun,9.148732247
45019,SC,Charleston,8.78395382
45021,SC,Cherokee,7.281530905
45023,SC,Chester,8.232552533
45025,SC,Chesterfield,6.875423454
45027,SC,Clarendon,7.542875083
45029,SC,Colleton,8.792280277
45031,SC,Darlington,7.021570459
45033,SC,Dillon,6.666980333
45035,SC,Dorchester,13.02452953
45037,SC,Edgefield,8.15779575
45039,SC,Fairfield,5.867614497
45041,SC,Florence,7.541358001
45043,SC,Georgetown,10.18446752
45045,SC,Greenville,7.347827614
45047,SC,Greenwood,7.597397742
45049,SC,Hampton,6.120276743
45051,SC,Horry,10.00621855
45053,SC,Jasper,10.40546496
45055,SC,Kershaw,11.04743003
45057,SC,Lancaster,8.174560217
45059,SC,Laurens,7.18864206
45061,SC,Lee,6.894253555
45063,SC,Lexington,9.563269877
45065,SC,McCormick,10.49834672
45067,SC,Marion,4.418726986
45069,SC,Marlboro,6.517986283
45071,SC,Newberry,7.114785201
45073,SC,Oconee,9.214048699
45075,SC,Orangeburg,6.542282163
45077,SC,Pickens,6.487331218
45079,SC,Richland,9.601805066
45081,SC,Saluda,6.543567626
45083,SC,Spartanburg,7.480310183
45085,SC,Sumter,12.93979058
45087,SC,Union,8.526842032
45089,SC,Williamsburg,6.595761889
45091,SC,York,8.473375274
46000,SD,South Dakota,8.233538604
46003,SD,Aurora,5.500261917
46005,SD,Beadle,7.181591675
46007,SD,Bennett,6.82830282
46009,SD,Bon Homme,7.884479093
46011,SD,Brookings,5.148690635
46013,SD,Brown,5.43578216
46015,SD,Brule,4.867835645
46017,SD,Buffalo,8.702791461
46019,SD,Butte,8.159294331
46021,SD,Campbell,5.531547105
46023,SD,Charles Mix,7.135168384
46025,SD,Clark,6.753731343
46027,SD,Clay,5.578649817
46029,SD,Codington,8.982175269
46031,SD,Corson,8.702659146
46033,SD,Custer,15.1519475
46035,SD,Davison,8.051181102
46037,SD,Day,11.65760227
46039,SD,Deuel,8.205285802
46041,SD,Dewey,5.570449806
46043,SD,Douglas,8.173996176
46045,SD,Edmunds,7.098052162
46047,SD,Fall River,14.13966384
46049,SD,Faulk,6.1875
46051,SD,Grant,7.866507747
46053,SD,Gregory,6.413223141
46055,SD,Haakon,4.837545126
46057,SD,Hamlin,7.931873479
46059,SD,Hand,8.942065491
46061,SD,Hanson,9.026028547
46063,SD,Harding,10.88139282
46065,SD,Hughes,9.031296572
46067,SD,Hutchinson,7.5548185
46069,SD,Hyde,5.360443623
46071,SD,Jackson,7.114228457
46073,SD,Jerauld,10
46075,SD,Jones,7.994186047
46077,SD,Kingsbury,8.352549321
46079,SD,Lake,7.044749668
46081,SD,Lawrence,10.86002736
46083,SD,Lincoln,6.494447127
46085,SD,Lyman,5.519604111
46087,SD,McCook,7.58873929
46089,SD,McPherson,9.080779944
46091,SD,Marshall,6.480648065
46093,SD,Meade,13.15619819
46095,SD,Mellette,6.026785714
46097,SD,Miner,6.115515289
46099,SD,Minnehaha,7.302688758
46101,SD,Moody,7.38990333
46102,SD,Oglala Lakota,4.652498564
46103,SD,Pennington,11.94251914
46105,SD,Perkins,10.80729167
46107,SD,Potter,9.086419753
46109,SD,Roberts,7.032520325
46111,SD,Sanborn,5.91954023
46115,SD,Spink,6.930490055
46117,SD,Stanley,5.715532286
46119,SD,Sully,5.37428023
46121,SD,Todd,3.787604204
46123,SD,Tripp,4.583723106
46125,SD,Turner,8.288232565
46127,SD,Union,8.908559363
46129,SD,Walworth,9.584352078
46135,SD,Yankton,9.283950617
46137,SD,Ziebach,5.524553571
47000,TN,Tennessee,7.971861933
47001,TN,Anderson,9.177725
47003,TN,Bedford,7.656675016
47005,TN,Benton,6.936823954
47007,TN,Bledsoe,8.122672161
47009,TN,Blount,9.427741875
47011,TN,Bradley,7.843650378
47013,TN,Campbell,8.302913865
47015,TN,Cannon,7.668985197
47017,TN,Carroll,8.930664503
47019,TN,Carter,9.424847126
47021,TN,Cheatham,7.960635597
47023,TN,Chester,5.820739189
47025,TN,Claiborne,6.292839717
47027,TN,Clay,8.527260638
47029,TN,Cocke,9.394322653
47031,TN,Coffee,10.92271749
47033,TN,Crockett,7.830757633
47035,TN,Cumberland,12.11156495
47037,TN,Davidson,5.143590795
47039,TN,Decatur,6.512860139
47041,TN,DeKalb,8.051964757
47043,TN,Dickson,7.548666186
47045,TN,Dyer,7.124546037
47047,TN,Fayette,8.215364568
47049,TN,Fentress,8.149066612
47051,TN,Franklin,9.912982126
47053,TN,Gibson,8.914983808
47055,TN,Giles,8.603191982
47057,TN,Grainger,8.479391113
47059,TN,Greene,8.738519479
47061,TN,Grundy,7.20326903
47063,TN,Hamblen,7.582996198
47065,TN,Hamilton,7.42816172
47067,TN,Hancock,7.598552657
47069,TN,Hardeman,7.969052224
47071,TN,Hardin,8.10339135
47073,TN,Hawkins,8.734391116
47075,TN,Haywood,5.702544878
47077,TN,Henderson,7.409314299
47079,TN,Henry,10.61539661
47081,TN,Hickman,8.931289962
47083,TN,Houston,12.64385692
47085,TN,Humphreys,9.090909091
47087,TN,Jackson,9.02523296
47089,TN,Jefferson,10.07279886
47091,TN,Johnson,9.977797215
47093,TN,Knox,7.657207585
47095,TN,Lake,6.097560976
47097,TN,Lauderdale,6.129196338
47099,TN,Lawrence,7.384100927
47101,TN,Lewis,7.283343577
47103,TN,Lincoln,7.84981685
47105,TN,Loudon,9.505929759
47107,TN,McMinn,8.603542071
47109,TN,McNairy,6.544787951
47111,TN,Macon,6.559557376
47113,TN,Madison,6.527164775
47115,TN,Marion,7.29092842
47117,TN,Marshall,8.201405514
47119,TN,Maury,7.767259111
47121,TN,Meigs,7.528479445
47123,TN,Monroe,8.014158901
47125,TN,Montgomery,19.56895783
47127,TN,Moore,10.94295693
47129,TN,Morgan,8.578273827
47131,TN,Obion,7.194424738
47133,TN,Overton,5.761880313
47135,TN,Perry,5.693839452
47137,TN,Pickett,12.42357545
47139,TN,Polk,6.762874929
47141,TN,Putnam,7.601614901
47143,TN,Rhea,8.996320766
47145,TN,Roane,10.6371665
47147,TN,Robertson,6.905584865
47149,TN,Rutherford,7.107421604
47151,TN,Scott,7.670918213
47153,TN,Sequatchie,9.535123149
47155,TN,Sevier,8.8503544
47157,TN,Shelby,6.879087137
47159,TN,Smith,7.694314032
47161,TN,Stewart,14.30060652
47163,TN,Sullivan,9.532651456
47165,TN,Sumner,8.095483801
47167,TN,Tipton,11.48487566
47169,TN,Trousdale,7.58819141
47171,TN,Unicoi,10.60606061
47173,TN,Union,7.853642601
47175,TN,Van Buren,8.785845028
47177,TN,Warren,6.751407884
47179,TN,Washington,10.20639622
47181,TN,Wayne,9.769264902
47183,TN,Weakley,7.266227658
47185,TN,White,8.537104479
47187,TN,Williamson,5.504571593
47189,TN,Wilson,8.096722173
48000,TX,Texas,6.693496497
48001,TX,Anderson,7.699180938
48003,TX,Andrews,4.304583068
48005,TX,Angelina,8.613807564
48007,TX,Aransas,10.28542042
48009,TX,Archer,7.842255211
48011,TX,Armstrong,11.42857143
48013,TX,Atascosa,9.915766861
48015,TX,Austin,5.207652416
48017,TX,Bailey,1.751243781
48019,TX,Bandera,13.23418784
48021,TX,Bastrop,11.25221458
48023,TX,Baylor,8.062709966
48025,TX,Bee,7.628598108
48027,TX,Bell,20.3380001
48029,TX,Bexar,9.863806302
48031,TX,Blanco,10.03218884
48033,TX,Borden,5.994550409
48035,TX,Bosque,7.828265256
48037,TX,Bowie,9.159863273
48039,TX,Brazoria,6.356166811
48041,TX,Brazos,4.465126465
48043,TX,Brewster,7.433398311
48045,TX,Briscoe,8.522727273
48047,TX,Brooks,6.112560567
48049,TX,Brown,9.482208259
48051,TX,Burleson,6.962254582
48053,TX,Burnet,10.70102014
48055,TX,Caldwell,7.250772742
48057,TX,Calhoun,8.70299409
48059,TX,Callahan,8.475206996
48061,TX,Cameron,4.251116426
48063,TX,Camp,10.40374361
48065,TX,Carson,9.379217274
48067,TX,Cass,9.648530669
48069,TX,Castro,7.502374169
48071,TX,Chambers,8.171976492
48073,TX,Cherokee,6.318863667
48075,TX,Childress,3.705035971
48077,TX,Clay,11.18889708
48079,TX,Cochran,5.806451613
48081,TX,Coke,6.417736289
48083,TX,Coleman,10.76283384
48085,TX,Collin,5.345052024
48087,TX,Collingsworth,6.624029237
48089,TX,Colorado,6.149715528
48091,TX,Comal,12.11987733
48093,TX,Comanche,9.975996159
48095,TX,Concho,10.50436102
48097,TX,Cooke,7.63268691
48099,TX,Coryell,19.42033277
48101,TX,Cottle,7.582515611
48103,TX,Crane,7.324643079
48105,TX,Crockett,6.912838128
48107,TX,Crosby,6.491183235
48109,TX,Culberson,8.177991582
48111,TX,Dallam,8.740894901
48113,TX,Dallas,4.630387042
48115,TX,Dawson,4.279475983
48117,TX,Deaf Smith,3.693890274
48119,TX,Delta,7.956827309
48121,TX,Denton,6.346834742
48123,TX,DeWitt,5.918433932
48125,TX,Dickens,5.78313253
48127,TX,Dimmit,4.431691376
48129,TX,Donley,8.256528418
48131,TX,Duval,5.01618123
48133,TX,Eastland,9.932344897
48135,TX,Ector,4.862532055
48137,TX,Edwards,9.519650655
48139,TX,Ellis,7.830397116
48141,TX,El Paso,7.860718565
48143,TX,Erath,6.850301557
48145,TX,Falls,8.514762899
48147,TX,Fannin,8.397275009
48149,TX,Fayette,8.100487055
48151,TX,Fisher,10.63100137
48153,TX,Floyd,7.355516638
48155,TX,Foard,5.717488789
48157,TX,Fort Bend,4.631149503
48159,TX,Franklin,6.152097019
48161,TX,Freestone,7.066879404
48163,TX,Frio,5.031982942
48165,TX,Gaines,3.560852828
48167,TX,Galveston,8.042332887
48169,TX,Garza,5.23432745
48171,TX,Gillespie,7.975028164
48173,TX,Glasscock,1.842374616
48175,TX,Goliad,9.367723446
48177,TX,Gonzales,5.631162339
48179,TX,Gray,6.486351115
48181,TX,Grayson,9.663601968
48183,TX,Gregg,7.22717891
48185,TX,Grimes,7.132667618
48187,TX,Guadalupe,14.19646344
48189,TX,Hale,4.722895595
48191,TX,Hall,5.784753363
48193,TX,Hamilton,9.707675473
48195,TX,Hansford,6.402357353
48197,TX,Hardeman,4.636951833
48199,TX,Hardin,7.915341907
48201,TX,Harris,4.441534661
48203,TX,Harrison,8.689386563
48205,TX,Hartley,5.101327743
48207,TX,Haskell,7.233273056
48209,TX,Hays,6.585902105
48211,TX,Hemphill,5.269413629
48213,TX,Henderson,9.568474444
48215,TX,Hidalgo,3.100071274
48217,TX,Hill,8.812765334
48219,TX,Hockley,4.90705389
48221,TX,Hood,10.16409246
48223,TX,Hopkins,7.456888728
48225,TX,Houston,9.256466119
48227,TX,Howard,8.246354282
48229,TX,Hudspeth,4.787855197
48231,TX,Hunt,9.161221496
48233,TX,Hutchinson,7.601165426
48235,TX,Irion,6.896551724
48237,TX,Jack,7.032900694
48239,TX,Jackson,5.443094917
48241,TX,Jasper,7.104795737
48243,TX,Jeff Davis,7.460890493
48245,TX,Jefferson,6.967221569
48247,TX,Jim Hogg,2.228244505
48249,TX,Jim Wells,5.475838785
48251,TX,Johnson,5.670047806
48253,TX,Jones,6.324134964
48255,TX,Karnes,6.309038912
48257,TX,Kaufman,7.309883281
48259,TX,Kendall,9.893104171
48261,TX,Kenedy,0.970873786
48263,TX,Kent,7.045454546
48265,TX,Kerr,10.85769658
48267,TX,Kimble,8.830275229
48269,TX,King,1.744186047
48271,TX,Kinney,23.55982275
48273,TX,Kleberg,9.389223633
48275,TX,Knox,5.859065717
48277,TX,Lamar,7.714007013
48279,TX,Lamb,6.125250819
48281,TX,Lampasas,20.13342148
48283,TX,La Salle,6.081458062
48285,TX,Lavaca,7.990408917
48287,TX,Lee,7.548420355
48289,TX,Leon,9.621062992
48291,TX,Liberty,7.90685577
48293,TX,Limestone,9.521880065
48295,TX,Lipscomb,6.948918546
48297,TX,Live Oak,7.25388601
48299,TX,Llano,12.81604675
48301,TX,Loving,3.846153846
48303,TX,Lubbock,5.500589029
48305,TX,Lynn,6.296479921
48307,TX,McCulloch,8.885163454
48309,TX,McLennan,7.160264832
48311,TX,McMullen,3.428571429
48313,TX,Madison,6.297584359
48315,TX,Marion,13.42831925
48317,TX,Martin,3.163841808
48319,TX,Mason,8.142576848
48321,TX,Matagorda,9.400493975
48323,TX,Maverick,2.147123308
48325,TX,Medina,11.03805333
48327,TX,Menard,14.79179615
48329,TX,Midland,5.982660425
48331,TX,Milam,6.882163418
48333,TX,Mills,8.456891818
48335,TX,Mitchell,3.733064284
48337,TX,Montague,11.91146618
48339,TX,Montgomery,7.311324974
48341,TX,Moore,4.05026979
48343,TX,Morris,11.52128934
48345,TX,Motley,12.32323232
48347,TX,Nacogdoches,6.591769349
48349,TX,Navarro,7.430486464
48351,TX,Newton,6.755934267
48353,TX,Nolan,7.661920074
48355,TX,Nueces,9.037165357
48357,TX,Ochiltree,5.739832708
48359,TX,Oldham,5.273972603
48361,TX,Orange,7.586380357
48363,TX,Palo Pinto,9.731853907
48365,TX,Panola,7.92760495
48367,TX,Parker,9.425266166
48369,TX,Parmer,4.723518597
48371,TX,Pecos,4.658712055
48373,TX,Polk,11.61306724
48375,TX,Potter,7.243687147
48377,TX,Presidio,0.755613126
48379,TX,Rains,14.49469455
48381,TX,Randall,9.484238785
48383,TX,Reagan,3.80910683
48385,TX,Real,10.38901602
48387,TX,Red River,7.089232089
48389,TX,Reeves,4.805471665
48391,TX,Refugio,9.532888465
48393,TX,Roberts,11.37123746
48395,TX,Robertson,8.02657288
48397,TX,Rockwall,7.990876507
48399,TX,Runnels,7.175126229
48401,TX,Rusk,6.888267883
48403,TX,Sabine,13.23076923
48405,TX,San Augustine,10.65432292
48407,TX,San Jacinto,9.289439374
48409,TX,San Patricio,10.45863866
48411,TX,San Saba,8.034744843
48413,TX,Schleicher,4.970603955
48415,TX,Scurry,6.578021119
48417,TX,Shackelford,9.23013245
48419,TX,Shelby,6.179554758
48421,TX,Sherman,7.139023081
48423,TX,Smith,6.108850487
48425,TX,Somervell,7.084963667
48427,TX,Starr,2.199827108
48429,TX,Stephens,6.248220894
48431,TX,Sterling,3.033707865
48433,TX,Stonewall,6.724511931
48435,TX,Sutton,8.259587021
48437,TX,Swisher,3.937156918
48439,TX,Tarrant,6.957258361
48441,TX,Taylor,10.10937791
48443,TX,Terrell,4.82509047
48445,TX,Terry,4.882291546
48447,TX,Throckmorton,6.392294221
48449,TX,Titus,6.428925657
48451,TX,Tom Green,9.335739413
48453,TX,Travis,4.946573231
48455,TX,Trinity,11.1426219
48457,TX,Tyler,10.0247678
48459,TX,Upshur,9.300898107
48461,TX,Upton,5.179445351
48463,TX,Uvalde,7.640301215
48465,TX,Val Verde,8.566395748
48467,TX,Van Zandt,9.773038977
48469,TX,Victoria,7.031295959
48471,TX,Walker,6.999263397
48473,TX,Waller,4.688058315
48475,TX,Ward,5.526512323
48477,TX,Washington,7.19121354
48479,TX,Webb,3.173303933
48481,TX,Wharton,6.167889161
48483,TX,Wheeler,5.996843766
48485,TX,Wichita,12.08758567
48487,TX,Wilbarger,8.060123071
48489,TX,Willacy,3.818953324
48491,TX,Williamson,8.649779456
48493,TX,Wilson,12.80350236
48495,TX,Winkler,3.898273622
48497,TX,Wise,7.766380984
48499,TX,Wood,11.53217088
48501,TX,Yoakum,2.410800386
48503,TX,Young,7.041420118
48505,TX,Zapata,4.459765162
48507,TX,Zavala,5.970575632
49000,UT,Utah,5.208140988
49001,UT,Beaver,6.359129123
49003,UT,Box Elder,6.557967287
49005,UT,Cache,3.997995555
49007,UT,Carbon,6.873614191
49009,UT,Daggett,5.305039788
49011,UT,Davis,7.369926074
49013,UT,Duchesne,4.919163283
49015,UT,Emery,7.752825061
49017,UT,Garfield,6.206361521
49019,UT,Grand,5.652342238
49021,UT,Iron,5.853132291
49023,UT,Juab,5.573770492
49025,UT,Kane,9.342502516
49027,UT,Millard,6.905167519
49029,UT,Morgan,6.86461109
49031,UT,Piute,7.056451613
49033,UT,Rich,9.253731343
49035,UT,Salt Lake,4.35617902
49037,UT,San Juan,5.169218765
49039,UT,Sanpete,4.534741209
49041,UT,Sevier,8.294384833
49043,UT,Summit,4.573323323
49045,UT,Tooele,7.577835973
49047,UT,Uintah,5.334002174
49049,UT,Utah,3.425677206
49051,UT,Wasatch,4.298226875
49053,UT,Washington,8.32250768
49055,UT,Wayne,7.736539467
49057,UT,Weber,7.225775883
50000,VT,Vermont,6.581952951
50001,VT,Addison,6.102666495
50003,VT,Bennington,8.138763598
50005,VT,Caledonia,7.902040816
50007,VT,Chittenden,5.090376587
50009,VT,Essex,9.781287971
50011,VT,Franklin,6.925855662
50013,VT,Grand Isle,8.184100418
50015,VT,Lamoille,6.263635042
50017,VT,Orange,7.354049753
50019,VT,Orleans,8.071216617
50021,VT,Rutland,7.409409409
50023,VT,Washington,5.845886802
50025,VT,Windham,6.95615178
50027,VT,Windsor,7.376753465
51000,VA,Virginia,10.23706949
51001,VA,Accomack,9.743531028
51003,VA,Albemarle,7.458196241
51005,VA,Alleghany,9.38666234
51007,VA,Amelia,10.29906722
51009,VA,Amherst,7.826190382
51011,VA,Appomattox,9.723774549
51013,VA,Arlington,6.609064646
51015,VA,Augusta,8.356411412
51017,VA,Bath,13.43982374
51019,VA,Bedford,10.34379293
51021,VA,Bland,7.015885023
51023,VA,Botetourt,10.33056325
51025,VA,Brunswick,8.854711065
51027,VA,Buchanan,6.329336063
51029,VA,Buckingham,7.829620492
51031,VA,Campbell,8.711021051
51033,VA,Caroline,11.98437014
51035,VA,Carroll,8.262204095
51036,VA,Charles City,10.66112842
51037,VA,Charlotte,8.465198628
51041,VA,Chesterfield,9.513052485
51043,VA,Clarke,10.02707734
51045,VA,Craig,6.191222571
51047,VA,Culpeper,10.11278963
51049,VA,Cumberland,10.95219688
51051,VA,Dickenson,6.413156979
51053,VA,Dinwiddie,10.98965626
51057,VA,Essex,7.50698324
51059,VA,Fairfax,8.195540781
51061,VA,Fauquier,11.26572455
51063,VA,Floyd,7.627455659
51065,VA,Fluvanna,9.146820809
51067,VA,Franklin,8.353071214
51069,VA,Frederick,9.31137205
51071,VA,Giles,6.778644271
51073,VA,Gloucester,13.07152968
51075,VA,Goochland,8.490142251
51077,VA,Grayson,7.488541909
51079,VA,Greene,10.2308737
51081,VA,Greensville,7.98926507
51083,VA,Halifax,9.021699154
51085,VA,Hanover,8.897846935
51087,VA,Henrico,6.284769971
51089,VA,Henry,7.173099043
51091,VA,Highland,9.496626881
51093,VA,Isle of Wight,14.9906015
51095,VA,James City,15.05788358
51097,VA,King and Queen,7.733382434
51099,VA,King George,15.93660238
51101,VA,King William,10.37596211
51103,VA,Lancaster,12.57524352
51105,VA,Lee,6.125674424
51107,VA,Loudoun,7.807138013
51109,VA,Louisa,10.65222526
51111,VA,Lunenburg,10.20980474
51113,VA,Madison,7.022704293
51115,VA,Mathews,11.85393258
51117,VA,Mecklenburg,8.579425604
51119,VA,Middlesex,11.36965152
51121,VA,Montgomery,4.653330465
51125,VA,Nelson,9.714145303
51127,VA,New Kent,10.93470483
51131,VA,Northampton,9.961334961
51133,VA,Northumberland,11.05314961
51135,VA,Nottoway,8.893812312
51137,VA,Orange,12.20683809
51139,VA,Page,9.058277027
51141,VA,Patrick,7.316738668
51143,VA,Pittsylvania,8.226398265
51145,VA,Powhatan,9.942903752
51147,VA,Prince Edward,5.429176394
51149,VA,Prince George,16.09499532
51153,VA,Prince William,12.72849085
51155,VA,Pulaski,10.00360231
51157,VA,Rappahannock,11.00398936
51159,VA,Richmond,6.371490281
51161,VA,Roanoke,8.949467216
51163,VA,Rockbridge,10.50417902
51165,VA,Rockingham,6.647967644
51167,VA,Russell,6.774024987
51169,VA,Scott,6.277539342
51171,VA,Shenandoah,9.785534427
51173,VA,Smyth,7.539830333
51175,VA,Southampton,11.73916041
51177,VA,Spotsylvania,13.80674618
51179,VA,Stafford,19.05293947
51181,VA,Surry,15.96514
51183,VA,Sussex,10.16691958
51185,VA,Tazewell,7.248683727
51187,VA,Warren,9.439537396
51191,VA,Washington,8.832203886
51193,VA,Westmoreland,12.63400733
51195,VA,Wise,7.295059718
51197,VA,Wythe,8.258654015
51199,VA,York,18.82088025
51510,VA,Alexandria,8.754088753
51520,VA,Bristol,6.906178826
51530,VA,Buena Vista,8.139314783
51540,VA,Charlottesville,3.620856953
51550,VA,Chesapeake,15.69140737
51570,VA,Colonial Heights,14.43881245
51580,VA,Covington,6.150033791
51590,VA,Danville,9.205084081
51595,VA,Emporia,7.47504261
51600,VA,Fairfax,7.496364909
51610,VA,Falls Church,7.762599225
51620,VA,Franklin,12.94482533
51630,VA,Fredericksburg,10.4606874
51640,VA,Galax,11.51955966
51650,VA,Hampton,18.89241532
51660,VA,Harrisonburg,3.153163536
51670,VA,Hopewell,11.69347658
51678,VA,Lexington,3.169856459
51680,VA,Lynchburg,6.673782019
51683,VA,Manassas,7.775100402
51685,VA,Manassas Park,9.388714734
51690,VA,Martinsville,6.860603654
51700,VA,Newport News,14.9340202
51710,VA,Norfolk,15.18066794
51720,VA,Norton,8.876514903
51730,VA,Petersburg,8.966685044
51735,VA,Poquoson,15.94659939
51740,VA,Portsmouth,13.52167808
51750,VA,Radford,3.187028236
51760,VA,Richmond,6.020788812
51770,VA,Roanoke,8.033884233
51775,VA,Salem,7.428208635
51790,VA,Staunton,8.214355564
51800,VA,Suffolk,16.52477625
51810,VA,Virginia Beach,17.45877701
51820,VA,Waynesboro,8.149495424
51830,VA,Williamsburg,6.796188225
51840,VA,Winchester,7.099064214
53000,WA,Washington,8.671308971
53001,WA,Adams,4.112306401
53003,WA,Asotin,10.99716714
53005,WA,Benton,8.735893155
53007,WA,Chelan,7.255373114
53009,WA,Clallam,13.25527746
53011,WA,Clark,8.772862668
53013,WA,Columbia,12.64332197
53015,WA,Cowlitz,10.56680258
53017,WA,Douglas,7.565498038
53019,WA,Ferry,11.76965819
53021,WA,Franklin,6.013356111
53023,WA,Garfield,13.66358193
53025,WA,Grant,8.024458258
53027,WA,Grays Harbor,11.72129076
53029,WA,Island,17.28506216
53031,WA,Jefferson,13.06643357
53033,WA,King,5.134955698
53035,WA,Kitsap,15.63094358
53037,WA,Kittitas,7.895601687
53039,WA,Klickitat,13.06890274
53041,WA,Lewis,10.71986123
53043,WA,Lincoln,11.46254459
53045,WA,Mason,15.26475561
53047,WA,Okanogan,10.26096163
53049,WA,Pacific,13.48972088
53051,WA,Pend Oreille,13.18394024
53053,WA,Pierce,12.3363155
53055,WA,San Juan,8.815085476
53057,WA,Skagit,10.68602248
53059,WA,Skamania,10.5584998
53061,WA,Snohomish,7.811138398
53063,WA,Spokane,10.7508682
53065,WA,Stevens,10.97283814
53067,WA,Thurston,12.91177737
53069,WA,Wahkiakum,16.71715781
53071,WA,Walla Walla,8.662045273
53073,WA,Whatcom,7.271661857
53075,WA,Whitman,4.780710361
53077,WA,Yakima,5.709461537
54000,WV,West Virginia,8.279173409
54001,WV,Barbour,8.586632266
54003,WV,Berkeley,10.25719069
54005,WV,Boone,7.742569677
54007,WV,Braxton,9.747257053
54009,WV,Brooke,7.669902913
54011,WV,Cabell,7.152975442
54013,WV,Calhoun,8.403683807
54015,WV,Clay,7.489750867
54017,WV,Doddridge,8.473316486
54019,WV,Fayette,8.489956627
54021,WV,Gilmer,7.88855846
54023,WV,Grant,9.91902834
54025,WV,Greenbrier,7.340032124
54027,WV,Hampshire,8.90891431
54029,WV,Hancock,10.70838103
54031,WV,Hardy,11.28236745
54033,WV,Harrison,8.350509506
54035,WV,Jackson,9.01221068
54037,WV,Jefferson,10.70216945
54039,WV,Kanawha,7.546179971
54041,WV,Lewis,8.713879323
54043,WV,Lincoln,5.773556611
54045,WV,Logan,5.665973346
54047,WV,McDowell,6.088417787
54049,WV,Marion,8.223574246
54051,WV,Marshall,8.187228567
54053,WV,Mason,8.89305631
54055,WV,Mercer,7.911912081
54057,WV,Mineral,9.91337379
54059,WV,Mingo,6.432084752
54061,WV,Monongalia,6.076909107
54063,WV,Monroe,9.364313016
54065,WV,Morgan,10.78723404
54067,WV,Nicholas,7.868340138
54069,WV,Ohio,7.976482977
54071,WV,Pendleton,8.126587224
54073,WV,Pleasants,8.510638298
54075,WV,Pocahontas,11.19188248
54077,WV,Preston,7.831694225
54079,WV,Putnam,7.962301677
54081,WV,Raleigh,8.305512718
54083,WV,Randolph,8.640295035
54085,WV,Ritchie,8.846600814
54087,WV,Roane,9.441560766
54089,WV,Summers,9.408044273
54091,WV,Taylor,11.25534629
54093,WV,Tucker,9.750215332
54095,WV,Tyler,7.836758835
54097,WV,Upshur,8.291139241
54099,WV,Wayne,7.407645565
54101,WV,Webster,8.214709371
54103,WV,Wetzel,6.696428571
54105,WV,Wirt,10.42069633
54107,WV,Wood,9.588260008
54109,WV,Wyoming,6.696637086
55000,WI,Wisconsin,6.903029932
55001,WI,Adams,9.933207741
55003,WI,Ashland,8.43662535
55005,WI,Barron,8.857315599
55007,WI,Bayfield,11.5436747
55009,WI,Brown,6.655668807
55011,WI,Buffalo,8.202608203
55013,WI,Burnett,12.03436273
55015,WI,Calumet,6.025457558
55017,WI,Chippewa,8.459408875
55019,WI,Clark,7.082013086
55021,WI,Columbia,8.148164364
55023,WI,Crawford,8.551456311
55025,WI,Dane,5.134566844
55027,WI,Dodge,7.921692648
55029,WI,Door,8.158555349
55031,WI,Douglas,8.671503061
55033,WI,Dunn,6.137720433
55035,WI,Eau Claire,6.835349238
55037,WI,Florence,12.20152191
55039,WI,Fond du Lac,7.497639746
55041,WI,Forest,8.851479772
55043,WI,Grant,6.219828736
55045,WI,Green,8.040915395
55047,WI,Green Lake,8.137175325
55049,WI,Iowa,6.934306569
55051,WI,Iron,10.70942663
55053,WI,Jackson,9.803921569
55055,WI,Jefferson,6.829559889
55057,WI,Juneau,9.776681997
55059,WI,Kenosha,6.601931298
55061,WI,Kewaunee,7.072764303
55063,WI,La Crosse,7.568561838
55065,WI,Lafayette,6.828648563
55067,WI,Langlade,10.30182888
55069,WI,Lincoln,7.399238886
55071,WI,Manitowoc,8.735367013
55073,WI,Marathon,7.571651164
55075,WI,Marinette,10.15727003
55077,WI,Marquette,11.0737449
55078,WI,Menominee,7.052379322
55079,WI,Milwaukee,4.939685395
55081,WI,Monroe,12.46612466
55083,WI,Oconto,9.128858974
55085,WI,Oneida,9.648924122
55087,WI,Outagamie,6.438334404
55089,WI,Ozaukee,6.048482983
55091,WI,Pepin,8.279923783
55093,WI,Pierce,6.089427247
55095,WI,Polk,8.897218386
55097,WI,Portage,7.14612918
55099,WI,Price,10.27050611
55101,WI,Racine,7.107249209
55103,WI,Richland,7.657159702
55105,WI,Rock,7.774501992
55107,WI,Rusk,9.154741801
55109,WI,St. Croix,7.253483657
55111,WI,Sauk,8.377493302
55113,WI,Sawyer,9.574763758
55115,WI,Shawano,8.011610125
55117,WI,Sheboygan,6.998293366
55119,WI,Taylor,8.065255848
55121,WI,Trempealeau,7.640991881
55123,WI,Vernon,6.980038065
55125,WI,Vilas,10.64944689
55127,WI,Walworth,5.936615867
55129,WI,Washburn,10.6539692
55131,WI,Washington,7.582346367
55133,WI,Waukesha,6.281517763
55135,WI,Waupaca,9.107937821
55137,WI,Waushara,9.14359948
55139,WI,Winnebago,7.72486383
55141,WI,Wood,9.24221758
56000,WY,Wyoming,9.875119376
56001,WY,Albany,6.069133118
56003,WY,Big Horn,9.8546042
56005,WY,Campbell,9.235866639
56007,WY,Carbon,7.793935095
56009,WY,Converse,12.54605391
56011,WY,Crook,11.44122532
56013,WY,Fremont,8.256099223
56015,WY,Goshen,9.619000495
56017,WY,Hot Springs,12.38223419
56019,WY,Johnson,11.08255216
56021,WY,Laramie,14.34361783
56023,WY,Lincoln,9.166198765
56025,WY,Natrona,9.0728962
56027,WY,Niobrara,4.297851075
56029,WY,Park,9.921581998
56031,WY,Platte,11.59627774
56033,WY,Sheridan,11.05374912
56035,WY,Sublette,15.31072624
56037,WY,Sweetwater,9.329187028
56039,WY,Teton,3.78214826
56041,WY,Uinta,6.802023517
56043,WY,Washakie,9.481605351
56045,WY,Weston,10.49281688
72000,PR,Puerto Rico,2.621195819
72001,PR,Adjuntas,2.577072937
72003,PR,Aguada,2.127860196
72005,PR,Aguadilla,4.2462751
72007,PR,Aguas Buenas,2.305131899
72009,PR,Aibonito,2.901852035
72013,PR,Arecibo,2.840995244
72015,PR,Arroyo,1.131695217
72017,PR,Barceloneta,2.141166344
72019,PR,Barranquitas,3.082176787
72023,PR,Cabo Rojo,1.684879288
72025,PR,Caguas,3.094312359
72027,PR,Camuy,2.402046188
72031,PR,Carolina,3.555879774
72035,PR,Cayey,3.568345324
72037,PR,Ceiba,3.070129324
72039,PR,Ciales,1.329287675
72041,PR,Cidra,3.220537475
72043,PR,Coamo,3.902097902
72047,PR,Corozal,1.454336009
72049,PR,Culebra,4.659832246
72051,PR,Dorado,3.083501356
72053,PR,Fajardo,4.339070633
72054,PR,Florida,2.100485539
72057,PR,Guayama,1.166084722
72059,PR,Guayanilla,2.83556471
72061,PR,Guaynabo,2.781151003
72063,PR,Gurabo,2.388453806
72065,PR,Hatillo,1.445023564
72067,PR,Hormigueros,2.27615315
72069,PR,Humacao,2.388989873
72071,PR,Isabela,2.654991835
72073,PR,Jayuya,1.747391636
72077,PR,Juncos,2.178131692
72079,PR,Lajas,1.669920871
72081,PR,Lares,1.86292349
72085,PR,Las Piedras,1.572131034
72089,PR,Luquillo,2.864335284
72093,PR,Maricao,1.224767521
72095,PR,Maunabo,4.159090909
72099,PR,Moca,1.822608238
72101,PR,Morovis,0.932620321
72103,PR,Naguabo,2.120423022
72105,PR,Naranjito,2.379744695
72107,PR,Orocovis,1.075268817
72109,PR,Patillas,2.130204051
72113,PR,Ponce,1.97077902
72115,PR,Quebradillas,2.60636654
72121,PR,Sabana Grande,2.848406823
72123,PR,Salinas,2.504660389
72127,PR,San Juan,2.752223084
72129,PR,San Lorenzo,1.661728713
72133,PR,Santa Isabel,2.276911747
72135,PR,Toa Alta,2.205182637
72137,PR,Toa Baja,3.336117447
72139,PR,Trujillo Alto,2.899410411
72141,PR,Utuado,1.80091543
72143,PR,Vega Alta,2.501220959
72145,PR,Vega Baja,1.928899854
72147,PR,Vieques,2.470414201
72149,PR,Villalba,1.426245157
72151,PR,Yabucoa,2.138409118
72153,PR,Yauco,2.475923656
